DistInstID,DistNm,SchlInstID,SchlNm,CntyNm
1894,Baker SD 5J,4759,Baker Early College,Baker
1894,Baker SD 5J,8,Baker High School,Baker
1894,Baker SD 5J,1,Baker Middle School,Baker
1894,Baker SD 5J,4728,Baker Web Academy,Baker
1894,Baker SD 5J,2,Brooklyn Primary School,Baker
1894,Baker SD 5J,3493,EAGLE CAP Innovative HS,Baker
1894,Baker SD 5J,4,Haines Elementary School,Baker
1894,Baker SD 5J,5,Keating Elementary School,Baker
1894,Baker SD 5J,7,South Baker Intermediate School,Baker
1896,Burnt River SD 30J,3347,Burnt River School,Baker
1895,Huntington SD 16J,3351,Huntington School,Baker
1897,Pine Eagle SD 61,15,Pine Eagle Charter School,Baker
1899,Alsea SD 7J,16,Alsea Elementary School,Benton
1899,Alsea SD 7J,17,Alsea High School,Benton
1901,Corvallis SD 509J,27,Adams Elementary School,Benton
1901,Corvallis SD 509J,28,Cheldelin Middle School,Benton
1901,Corvallis SD 509J,40,Corvallis High School,Benton
1901,Corvallis SD 509J,41,Crescent Valley High School,Benton
1901,Corvallis SD 509J,1322,Franklin School,Benton
1901,Corvallis SD 509J,30,Garfield Elementary School,Benton
1901,Corvallis SD 509J,33,Hoover Elementary School,Benton
1901,Corvallis SD 509J,4637,Inavale Community Partners dba Muddy Creek Charter School,Benton
1901,Corvallis SD 509J,35,Jefferson Elementary School,Benton
1901,Corvallis SD 509J,36,Lincoln Elementary School,Benton
1901,Corvallis SD 509J,38,Linus Pauling Middle School,Benton
1901,Corvallis SD 509J,37,Mt View Elementary School,Benton
1901,Corvallis SD 509J,39,Wilson Elementary School,Benton
1898,Monroe SD 1J,1321,Monroe Grade School,Benton
1898,Monroe SD 1J,43,Monroe High School,Benton
1900,Philomath SD 17J,18,Blodgett Elementary School,Benton
1900,Philomath SD 17J,3162,Clemens Primary School,Benton
1900,Philomath SD 17J,3440,Kings Valley Charter School,Benton
1900,Philomath SD 17J,20,Philomath Elementary School,Benton
1900,Philomath SD 17J,22,Philomath High School,Benton
1900,Philomath SD 17J,21,Philomath Middle School,Benton
1929,Canby SD 86,4434,Baker Prairie Middle School,Clackamas
1929,Canby SD 86,140,Canby High School,Clackamas
1929,Canby SD 86,92,Carus School,Clackamas
1929,Canby SD 86,1307,Cecile Trost Elementary School,Clackamas
1929,Canby SD 86,124,Howard Eccles Elementary School,Clackamas
1929,Canby SD 86,127,Ninety-One School,Clackamas
1929,Canby SD 86,4435,Philander Lee Elementary School,Clackamas
1929,Canby SD 86,122,William Knight Elementary School,Clackamas
1902,Clackamas ESD,4689,Clackamas River School,Clackamas
1902,Clackamas ESD,1246,Merrick School,Clackamas
1927,Colton SD 53,103,Colton Elementary School,Clackamas
1927,Colton SD 53,104,Colton High School,Clackamas
1927,Colton SD 53,1248,Colton Middle School,Clackamas
1930,Estacada SD 108,131,Clackamas River Elementary School,Clackamas
1930,Estacada SD 108,130,Eagle Creek Elementary School,Clackamas
1930,Estacada SD 108,4469,Estacada Alternative High School,Clackamas
1930,Estacada SD 108,4760,Estacada Early College,Clackamas
1930,Estacada SD 108,135,Estacada High School,Clackamas
1930,Estacada SD 108,134,Estacada Junior High School,Clackamas
1930,Estacada SD 108,4670,Estacada Web Academy,Clackamas
1931,Gladstone SD 115,4719,Gladstone Center for Children and Families,Clackamas
1931,Gladstone SD 115,138,Gladstone High School,Clackamas
1931,Gladstone SD 115,136,John Wetten Elementary School,Clackamas
1931,Gladstone SD 115,137,Walter L Kraxberger Middle School,Clackamas
1923,Lake Oswego SD 7J,53,Forest Hills Elementary School,Clackamas
1923,Lake Oswego SD 7J,54,Hallinan Elementary School,Clackamas
1923,Lake Oswego SD 7J,55,Lake Grove Elementary School,Clackamas
1923,Lake Oswego SD 7J,59,Lake Oswego Middle School,Clackamas
1923,Lake Oswego SD 7J,61,Lake Oswego Senior High School,Clackamas
1923,Lake Oswego SD 7J,62,Lakeridge High School,Clackamas
1923,Lake Oswego SD 7J,60,Lakeridge Middle School,Clackamas
1923,Lake Oswego SD 7J,1288,Oak Creek Elementary School,Clackamas
1923,Lake Oswego SD 7J,56,River Grove Elementary School,Clackamas
1923,Lake Oswego SD 7J,58,Westridge Elementary School,Clackamas
1925,Molalla River SD 35,93,Clarkes Elementary School,Clackamas
1925,Molalla River SD 35,94,Molalla Elementary School,Clackamas
1925,Molalla River SD 35,142,Molalla High School,Clackamas
1925,Molalla River SD 35,4745,Molalla River Academy,Clackamas
1925,Molalla River SD 35,95,Molalla River Middle School,Clackamas
1925,Molalla River SD 35,121,Mulino Elementary School,Clackamas
1925,Molalla River SD 35,4818,Renaissance Public Academy,Clackamas
1925,Molalla River SD 35,128,Rural Dell Elementary School,Clackamas
1924,North Clackamas SD 12,3530,Alder Creek Middle School,Clackamas
1924,North Clackamas SD 12,4762,Ardenwald Elementary School,Clackamas
1924,North Clackamas SD 12,65,Bilquist Elementary School,Clackamas
1924,North Clackamas SD 12,4475,Cascade Heights Public Charter School,Clackamas
1924,North Clackamas SD 12,85,Clackamas High School,Clackamas
1924,North Clackamas SD 12,4226,Clackamas Middle College,Clackamas
1924,North Clackamas SD 12,4223,Clackamas Web Academy,Clackamas
1924,North Clackamas SD 12,67,Concord Elementary School,Clackamas
1924,North Clackamas SD 12,4005,El Puente,Clackamas
1924,North Clackamas SD 12,4763,Happy Valley Elementary School,Clackamas
1924,North Clackamas SD 12,4715,Happy Valley Middle School,Clackamas
1924,North Clackamas SD 12,4764,Lewelling Elementary School,Clackamas
1924,North Clackamas SD 12,4765,Linwood Elementary School,Clackamas
1924,North Clackamas SD 12,4369,Milwaukie Academy of the Arts,Clackamas
1924,North Clackamas SD 12,73,Milwaukie Elementary School,Clackamas
1924,North Clackamas SD 12,86,Milwaukie High School,Clackamas
1924,North Clackamas SD 12,1264,Mount Scott Elementary School,Clackamas
1924,North Clackamas SD 12,4004,New Urban High School,Clackamas
1924,North Clackamas SD 12,3342,Oak Grove Elementary,Clackamas
1924,North Clackamas SD 12,4766,Oregon Trail Elementary School,Clackamas
1924,North Clackamas SD 12,87,Putnam High School,Clackamas
1924,North Clackamas SD 12,76,Riverside Elementary School,Clackamas
1924,North Clackamas SD 12,4767,Rock Creek Middle School,Clackamas
1924,North Clackamas SD 12,84,Rowe Middle School,Clackamas
1924,North Clackamas SD 12,4713,Scouters Mountain Elementary,Clackamas
1924,North Clackamas SD 12,2733,Sojourner School,Clackamas
1924,North Clackamas SD 12,3198,Spring Mountain Elementary School,Clackamas
1924,North Clackamas SD 12,78,Sunnyside Elementary School,Clackamas
1924,North Clackamas SD 12,4714,Verne A Duncan Elementary School,Clackamas
1924,North Clackamas SD 12,79,View Acres Elementary School,Clackamas
1924,North Clackamas SD 12,72,Whitcomb Elementary School,Clackamas
1928,Oregon City SD 62,4585,Alliance Charter Academy,Clackamas
1928,Oregon City SD 62,105,Beavercreek Elementary School,Clackamas
1928,Oregon City SD 62,106,Candy Lane Elementary School,Clackamas
1928,Oregon City SD 62,4802,Clackamas Academy of Industrial Sciences,Clackamas
1928,Oregon City SD 62,109,Gaffney Lane Elementary School,Clackamas
1928,Oregon City SD 62,115,Gardiner Middle School,Clackamas
1928,Oregon City SD 62,107,Holcomb Elementary School,Clackamas
1928,Oregon City SD 62,110,Jennings Lodge Elementary School,Clackamas
1928,Oregon City SD 62,114,John McLoughlin Elementary School,Clackamas
1928,Oregon City SD 62,116,Ogden Middle School,Clackamas
1928,Oregon City SD 62,118,Oregon City Senior High School,Clackamas
1928,Oregon City SD 62,2735,Oregon City Service Learning Academy,Clackamas
1928,Oregon City SD 62,139,Redland Elementary School,Clackamas
1928,Oregon City SD 62,4480,Springwater Environmental Sciences School,Clackamas
1926,Oregon Trail SD 46,97,Boring Middle School,Clackamas
1926,Oregon Trail SD 46,102,Cedar Ridge Middle School,Clackamas
1926,Oregon Trail SD 46,101,Firwood Elementary School,Clackamas
1926,Oregon Trail SD 46,99,Kelso Elementary School,Clackamas
1926,Oregon Trail SD 46,96,Naas Elementary School,Clackamas
1926,Oregon Trail SD 46,4820,Oregon Trail  Academy,Clackamas
1926,Oregon Trail SD 46,100,Sandy Grade School,Clackamas
1926,Oregon Trail SD 46,141,Sandy High School,Clackamas
1926,Oregon Trail SD 46,88,Welches Elementary School,Clackamas
1926,Oregon Trail SD 46,2392,Welches Middle School,Clackamas
1922,West Linn-Wilsonville SD 3J,4773,Arts and Technology High School,Clackamas
1922,West Linn-Wilsonville SD 3J,1287,Athey Creek Middle School,Clackamas
1922,West Linn-Wilsonville SD 3J,1272,Boeckman Creek Primary School,Clackamas
1922,West Linn-Wilsonville SD 3J,3455,Bolton Primary School,Clackamas
1922,West Linn-Wilsonville SD 3J,3913,Boones Ferry Primary School,Clackamas
1922,West Linn-Wilsonville SD 3J,45,Cedaroak Park Primary School,Clackamas
1922,West Linn-Wilsonville SD 3J,46,Inza R Wood Middle School,Clackamas
1922,West Linn-Wilsonville SD 3J,5056,Lowrie Primary School,Clackamas
1922,West Linn-Wilsonville SD 3J,2787,Rosemont Ridge Middle School,Clackamas
1922,West Linn-Wilsonville SD 3J,47,Stafford Primary School,Clackamas
1922,West Linn-Wilsonville SD 3J,48,Sunset Primary School,Clackamas
1922,West Linn-Wilsonville SD 3J,3452,Three Rivers Charter School,Clackamas
1922,West Linn-Wilsonville SD 3J,5057,Trillium Creek Primary School,Clackamas
1922,West Linn-Wilsonville SD 3J,51,West Linn High School,Clackamas
1922,West Linn-Wilsonville SD 3J,1286,Willamette Primary School,Clackamas
1922,West Linn-Wilsonville SD 3J,1323,Wilsonville High School,Clackamas
1933,Astoria SD 1,143,Astor Elementary School,Clatsop
1933,Astoria SD 1,144,Astoria Middle School,Clatsop
1933,Astoria SD 1,146,Astoria Senior High School,Clatsop
1933,Astoria SD 1,147,Lewis & Clark Elementary School,Clatsop
1934,Jewell SD 8,3352,Jewell School,Clatsop
2262,Knappa SD 4,166,Hilda Lahti Elementary School,Clatsop
2262,Knappa SD 4,169,Knappa High School,Clatsop
1935,Seaside SD 10,150,Broadway Middle School,Clatsop
1935,Seaside SD 10,151,Cannon Beach Elementary,Clatsop
1935,Seaside SD 10,153,Gearhart Elementary School,Clatsop
1935,Seaside SD 10,152,Seaside Heights Elementary School,Clatsop
1935,Seaside SD 10,154,Seaside High School,Clatsop
1936,Warrenton-Hammond SD 30,156,Warrenton Grade School,Clatsop
1936,Warrenton-Hammond SD 30,157,Warrenton High School,Clatsop
1945,Clatskanie SD 6J,163,Clatskanie Elementary School,Columbia
1945,Clatskanie SD 6J,168,Clatskanie Middle/High School,Columbia
1946,Rainier SD 13,171,Hudson Park Elementary School,Columbia
1946,Rainier SD 13,4234,North Columbia Academy,Columbia
1946,Rainier SD 13,174,Rainier Jr/Sr High School,Columbia
1944,Scappoose SD 1J,158,Grant Watts Elementary School,Columbia
1944,Scappoose SD 1J,159,Otto Petersen Elementary School,Columbia
1944,Scappoose SD 1J,958,Sauvie Island Academy,Columbia
1944,Scappoose SD 1J,162,Scappoose High School,Columbia
1944,Scappoose SD 1J,161,Scappoose Middle School,Columbia
1944,Scappoose SD 1J,4221,South Columbia Family School,Columbia
1944,Scappoose SD 1J,160,Warren Elementary School,Columbia
1948,St Helens SD 502,2716,Columbia County Education Campus,Columbia
1948,St Helens SD 502,3569,Lewis & Clark Elementary School,Columbia
1948,St Helens SD 502,182,McBride Elementary School,Columbia
1948,St Helens SD 502,4602,St Helens Arthur Academy,Columbia
1948,St Helens SD 502,185,St Helens High School,Columbia
1948,St Helens SD 502,184,St Helens Middle School,Columbia
1947,Vernonia SD 47J,176,Mist Elementary School,Columbia
1947,Vernonia SD 47J,177,Vernonia Elementary School,Columbia
1947,Vernonia SD 47J,178,Vernonia High School,Columbia
1947,Vernonia SD 47J,4396,Vernonia Middle School,Columbia
1969,Bandon SD 54,218,Bandon Senior High School,Coos
1969,Bandon SD 54,216,Harbor Lights Middle School,Coos
1969,Bandon SD 54,217,Ocean Crest Elementary School,Coos
1965,Coos Bay SD 9,192,Blossom Gulch Elementary School,Coos
1965,Coos Bay SD 9,3227,Destinations Academy,Coos
1965,Coos Bay SD 9,196,Madison Elementary School,Coos
1965,Coos Bay SD 9,201,Marshfield Senior High School,Coos
1965,Coos Bay SD 9,197,Millicoma School,Coos
1965,Coos Bay SD 9,4079,Resource Link Charter School,Coos
1965,Coos Bay SD 9,199,Sunset School,Coos
1964,Coquille SD 8,191,Coquille High School,Coos
1964,Coquille SD 8,4025,Coquille Valley Intermediate School,Coos
1964,Coquille SD 8,186,Coquille Valley Middle School,Coos
1964,Coquille SD 8,189,Lincoln Elementary School,Coos
1964,Coquille SD 8,4857,Winter Lakes High School,Coos
1964,Coquille SD 8,5120,Winter Lakes Virtual Academy,Coos
1968,Myrtle Point SD 41,214,Myrtle Crest School,Coos
1968,Myrtle Point SD 41,215,Myrtle Point High School,Coos
1966,North Bend SD 13,204,Hillcrest Elementary School,Coos
1966,North Bend SD 13,4603,Kairos - Coastline,Coos
1966,North Bend SD 13,3615,Lighthouse School,Coos
1966,North Bend SD 13,205,North Bay Elementary School,Coos
1966,North Bend SD 13,208,North Bend Middle School,Coos
1966,North Bend SD 13,209,North Bend Senior High School,Coos
1966,North Bend SD 13,3990,Oregon Coast Technology School,Coos
1966,North Bend SD 13,4690,Oregon Virtual Academy,Coos
1967,Powers SD 31,210,Powers Elementary School,Coos
1967,Powers SD 31,211,Powers High School,Coos
1970,Crook County SD,1337,Cecil Sly Elementary School,Crook
1970,Crook County SD,225,Crook County High School,Crook
1970,Crook County SD,224,Crook County Middle School,Crook
1970,Crook County SD,219,Crooked River Elementary School,Crook
1970,Crook County SD,5150,Insight School of Oregon-Charter Option,Crook
1970,Crook County SD,221,Ochoco Elementary School,Crook
1970,Crook County SD,222,Paulina School,Crook
1970,Crook County SD,4392,Pioneer Secondary Alternative High School,Crook
1970,Crook County SD,223,Powell Butte Community Charter School,Crook
1974,Brookings-Harbor SD 17C,235,Azalea Middle School,Curry
1974,Brookings-Harbor SD 17C,237,Brookings-Harbor High School,Curry
1974,Brookings-Harbor SD 17C,236,Kalmiopsis Elementary School,Curry
1972,Central Curry SD 1,239,Gold Beach High School,Curry
1972,Central Curry SD 1,231,Riley Creek Elementary School,Curry
1973,Port Orford-Langlois SD 2CJ,228,Driftwood Elementary School,Curry
1973,Port Orford-Langlois SD 2CJ,229,Pacific High School,Curry
1976,Bend-LaPine Administrative SD 1,1324,Amity Creek Elementary School,Deschutes
1976,Bend-LaPine Administrative SD 1,241,Bear Creek Elementary School,Deschutes
1976,Bend-LaPine Administrative SD 1,251,Bend Senior High School,Deschutes
1976,Bend-LaPine Administrative SD 1,250,Buckingham Elementary School,Deschutes
1976,Bend-LaPine Administrative SD 1,242,Cascade Middle School,Deschutes
1976,Bend-LaPine Administrative SD 1,1308,Elk Meadow Elementary School,Deschutes
1976,Bend-LaPine Administrative SD 1,4129,Ensworth Elementary School,Deschutes
1976,Bend-LaPine Administrative SD 1,1309,High Desert Middle School,Deschutes
1976,Bend-LaPine Administrative SD 1,3218,High Lakes Elementary School,Deschutes
1976,Bend-LaPine Administrative SD 1,3219,Highland School at Kenwood Elementary School,Deschutes
1976,Bend-LaPine Administrative SD 1,246,Juniper Elementary School,Deschutes
1976,Bend-LaPine Administrative SD 1,245,LaPine Elementary School,Deschutes
1976,Bend-LaPine Administrative SD 1,1310,LaPine Middle School,Deschutes
1976,Bend-LaPine Administrative SD 1,253,LaPine Senior High School,Deschutes
1976,Bend-LaPine Administrative SD 1,1317,Lava Ridge Elementary School,Deschutes
1976,Bend-LaPine Administrative SD 1,1338,Marshall High School,Deschutes
1976,Bend-LaPine Administrative SD 1,252,Mountain View Senior High School,Deschutes
1976,Bend-LaPine Administrative SD 1,249,Pilot Butte Middle School,Deschutes
1976,Bend-LaPine Administrative SD 1,3947,Pine Ridge Elementary,Deschutes
1976,Bend-LaPine Administrative SD 1,4646,Ponderosa Elementary,Deschutes
1976,Bend-LaPine Administrative SD 1,247,R E Jewell Elementary School,Deschutes
1976,Bend-LaPine Administrative SD 1,3448,REALMS (Rimrock Expeditionary Alternative Learning Middle Sc,Deschutes
1976,Bend-LaPine Administrative SD 1,4793,Rosland Elementary,Deschutes
1976,Bend-LaPine Administrative SD 1,3217,Sky View Middle School,Deschutes
1976,Bend-LaPine Administrative SD 1,3216,Summit High School,Deschutes
1976,Bend-LaPine Administrative SD 1,1266,Three Rivers Elementary School,Deschutes
1976,Bend-LaPine Administrative SD 1,3221,Westside Village Magnet School at Kingston Elementary School,Deschutes
1976,Bend-LaPine Administrative SD 1,4680,William E Miller Elementary,Deschutes
1977,Redmond SD 2J,1326,Elton Gregory Middle School,Deschutes
1977,Redmond SD 2J,258,John Tuck Elementary School,Deschutes
1977,Redmond SD 2J,259,M A Lynch Elementary School,Deschutes
1977,Redmond SD 2J,262,Obsidian Middle School,Deschutes
1977,Redmond SD 2J,263,Redmond High School,Deschutes
1977,Redmond SD 2J,4729,Redmond Proficiency Academy,Deschutes
1977,Redmond SD 2J,5058,Ridgeview High School,Deschutes
1977,Redmond SD 2J,256,Sage Elementary School,Deschutes
1977,Redmond SD 2J,260,Terrebonne Community School,Deschutes
1977,Redmond SD 2J,4429,Tom McCall Elementary School,Deschutes
1977,Redmond SD 2J,261,Tumalo Community School,Deschutes
1977,Redmond SD 2J,1325,Vern Patrick Elementary School,Deschutes
1978,Sisters SD 6,264,Sisters Elementary School,Deschutes
1978,Sisters SD 6,1294,Sisters High School,Deschutes
1978,Sisters SD 6,1293,Sisters Middle School,Deschutes
1995,Camas Valley SD 21J,3400,Camas Valley School,Douglas
1993,Douglas County SD 15,3348,Days Creek Charter School,Douglas
1993,Douglas County SD 15,287,Tiller Elementary School,Douglas
1991,Douglas County SD 4,269,Eastwood Elementary School,Douglas
1991,Douglas County SD 4,270,Fir Grove Elementary School,Douglas
1991,Douglas County SD 4,271,Fullerton IV Elementary School,Douglas
1991,Douglas County SD 4,272,Green Elementary School,Douglas
1991,Douglas County SD 4,273,Hucrest Elementary School,Douglas
1991,Douglas County SD 4,278,John C Fremont Middle School,Douglas
1991,Douglas County SD 4,279,Joseph Lane Middle School,Douglas
1991,Douglas County SD 4,274,Melrose Elementary School,Douglas
1991,Douglas County SD 4,4391,Phoenix School,Douglas
1991,Douglas County SD 4,275,Rose Elementary School,Douglas
1991,Douglas County SD 4,280,Roseburg High School,Douglas
1991,Douglas County SD 4,276,Sunnyslope Elementary School,Douglas
1991,Douglas County SD 4,277,Winchester Elementary,Douglas
1980,Douglas ESD,1250,Therapeutic Learning Center,Douglas
1998,Elkton SD 34,302,Elkton Charter School,Douglas
2000,Glendale SD 77,307,Glendale Community Charter School,Douglas
2000,Glendale SD 77,306,Glendale Elementary School,Douglas
1992,Glide SD 12,282,Glide Elementary School,Douglas
1992,Glide SD 12,285,Glide High School,Douglas
1992,Glide SD 12,284,Glide Middle School,Douglas
1996,North Douglas SD 22,296,North Douglas Elementary School,Douglas
1996,North Douglas SD 22,297,North Douglas High School,Douglas
1990,Oakland SD 1,266,Lincoln Middle School,Douglas
1990,Oakland SD 1,267,Oakland Elementary School,Douglas
1990,Oakland SD 1,268,Oakland High School,Douglas
2001,Reedsport SD 105,309,Highland Elementary School,Douglas
2001,Reedsport SD 105,310,Reedsport Community Charter School,Douglas
1999,Riddle SD 70,4228,Riddle Education Center,Douglas
1999,Riddle SD 70,304,Riddle Elementary School,Douglas
1999,Riddle SD 70,305,Riddle High School,Douglas
1994,South Umpqua SD 19,289,Canyonville School,Douglas
1994,South Umpqua SD 19,291,Coffenberry Middle School,Douglas
1994,South Umpqua SD 19,290,Myrtle Creek Elementary School,Douglas
1994,South Umpqua SD 19,293,South Umpqua High School,Douglas
1994,South Umpqua SD 19,292,Tri City Elementary School,Douglas
2003,Sutherlin SD 130,318,East Sutherlin Primary School,Douglas
2003,Sutherlin SD 130,321,Sutherlin High School,Douglas
2003,Sutherlin SD 130,319,Sutherlin Middle School,Douglas
2003,Sutherlin SD 130,320,West Sutherlin Intermediate,Douglas
2002,Winston-Dillard SD 116,3624,Brockway Elementary School,Douglas
2002,Winston-Dillard SD 116,316,Douglas High School,Douglas
2002,Winston-Dillard SD 116,313,Lookingglass Elementary School,Douglas
2002,Winston-Dillard SD 116,311,McGovern Elementary School,Douglas
2002,Winston-Dillard SD 116,315,Winston Middle School,Douglas
1997,Yoncalla SD 32,299,Yoncalla Elementary School,Douglas
1997,Yoncalla SD 32,300,Yoncalla High School,Douglas
2005,Arlington SD 3,323,Arlington Community Charter School,Gilliam
2006,Condon SD 25J,325,Condon Elementary School,Gilliam
2006,Condon SD 25J,326,Condon High School,Gilliam
2011,Dayville SD 16J,3353,Dayville School,Grant
2008,John Day SD 3,331,Grant Union Junior/Senior High School,Grant
2008,John Day SD 3,327,Humbolt Elementary School,Grant
2008,John Day SD 3,330,Seneca Elementary School,Grant
2012,Long Creek SD 17,3366,Long Creek School,Grant
2010,Monument SD 8,3350,Monument School,Grant
2009,Prairie City SD 4,3349,Prairie City School,Grant
2017,Diamond SD 7,348,Diamond Elementary School,Harney
2021,Double O SD 28,352,Double O Elementary School,Harney
2019,Drewsey SD 13,350,Drewsey Elementary School,Harney
2020,Frenchglen SD 16,351,Frenchglen Elementary School,Harney
2014,Harney County SD 3,3740,Burns Alternative School,Harney
2014,Harney County SD 3,359,Burns High School,Harney
2014,Harney County SD 3,342,Henry L Slater Elementary School,Harney
2014,Harney County SD 3,355,Hines Middle School,Harney
2014,Harney County SD 3,4702,Silvies River Charter School,Harney
2015,Harney County SD 4,346,Crane Elementary School,Harney
2023,Harney County Union High SD 1J,358,Crane Union High School,Harney
2016,Pine Creek SD 5,347,Pine Creek Elementary School,Harney
2022,South Harney SD 33,357,Fields Elementary School,Harney
2018,Suntex SD 10,349,Suntex Elementary School,Harney
2024,Hood River County SD,3372,Cascade Locks School,Hood River
2024,Hood River County SD,361,Hood River Middle School,Hood River
2024,Hood River County SD,369,Hood River Valley High School,Hood River
2024,Hood River County SD,362,May Street Elementary School,Hood River
2024,Hood River County SD,363,Mid Valley Elementary School,Hood River
2024,Hood River County SD,364,Parkdale Elementary School,Hood River
2024,Hood River County SD,2300,The Next Door,Hood River
2024,Hood River County SD,366,Westside Elementary School,Hood River
2024,Hood River County SD,367,WyEast Middle School,Hood River
2041,Ashland SD 5,381,Ashland High School,Jackson
2041,Ashland SD 5,380,Ashland Middle School,Jackson
2041,Ashland SD 5,375,Bellview Elementary School,Jackson
2041,Ashland SD 5,1481,Community Works/Lithia Springs School,Jackson
2041,Ashland SD 5,2434,Family Solutions - Ashland,Jackson
2041,Ashland SD 5,377,Helman Elementary School,Jackson
2041,Ashland SD 5,4476,John Muir Elementary School,Jackson
2041,Ashland SD 5,379,Walker Elementary School,Jackson
2046,Butte Falls SD 91,406,Butte Falls Charter School,Jackson
2042,Central Point SD 6,382,Central Point Elementary School,Jackson
2042,Central Point SD 6,4557,Crater Academy of Health and Public Services,Jackson
2042,Central Point SD 6,4561,Crater Renaissance Academy,Jackson
2042,Central Point SD 6,4559,Crater School of Business Innovation and Science,Jackson
2042,Central Point SD 6,3652,Family Solutions - Central Point,Jackson
2042,Central Point SD 6,387,Hanby Middle School,Jackson
2042,Central Point SD 6,383,Jewett Elementary School,Jackson
2042,Central Point SD 6,384,Patrick Elementary School,Jackson
2042,Central Point SD 6,385,Richardson Elementary School,Jackson
2042,Central Point SD 6,386,Sams Valley Elementary School,Jackson
2042,Central Point SD 6,388,Scenic Middle School,Jackson
2043,Eagle Point SD 9,397,Eagle Point High School,Jackson
2043,Eagle Point SD 9,396,Eagle Point Middle School,Jackson
2043,Eagle Point SD 9,4020,Eagle Rock Elementary School,Jackson
2043,Eagle Point SD 9,390,Hillside Elementary,Jackson
2043,Eagle Point SD 9,3147,Lake Creek Learning Center,Jackson
2043,Eagle Point SD 9,395,Mountain View Elementary,Jackson
2043,Eagle Point SD 9,393,Shady Cove School,Jackson
2043,Eagle Point SD 9,4378,URCEO-Upper Rogue Center for Educational Opportunities,Jackson
2043,Eagle Point SD 9,394,White City Elementary School,Jackson
2043,Eagle Point SD 9,4021,White Mountain Middle School,Jackson
2048,Medford SD 549C,1350,Abraham Lincoln Elementary,Jackson
2048,Medford SD 549C,3554,Central Medford High School,Jackson
2048,Medford SD 549C,3653,Family Solutions - Medford,Jackson
2048,Medford SD 549C,408,Griffin Creek Elementary School,Jackson
2048,Medford SD 549C,421,Hedrick Middle School,Jackson
2048,Medford SD 549C,409,Hoover Elementary School,Jackson
2048,Medford SD 549C,410,Howard Elementary School,Jackson
2048,Medford SD 549C,411,Jackson Elementary School,Jackson
2048,Medford SD 549C,412,Jacksonville Elementary School,Jackson
2048,Medford SD 549C,413,Jefferson Elementary School,Jackson
2048,Medford SD 549C,416,Kennedy Elementary School,Jackson
2048,Medford SD 549C,4821,Logos Public Charter School,Jackson
2048,Medford SD 549C,414,Lone Pine Elementary School,Jackson
2048,Medford SD 549C,4593,Madrone Trail Public Charter School,Jackson
2048,Medford SD 549C,422,McLoughlin Middle School,Jackson
2048,Medford SD 549C,424,North Medford High School,Jackson
2048,Medford SD 549C,415,Oak Grove Elementary School,Jackson
2048,Medford SD 549C,417,Roosevelt Elementary School,Jackson
2048,Medford SD 549C,418,Ruch Elementary School,Jackson
2048,Medford SD 549C,423,South Medford High School,Jackson
2048,Medford SD 549C,419,Washington Elementary School,Jackson
2048,Medford SD 549C,420,Wilson Elementary School,Jackson
2039,Phoenix-Talent SD 4,3247,Armadillo Technical Institute,Jackson
2039,Phoenix-Talent SD 4,370,Orchard Hill Elementary School,Jackson
2039,Phoenix-Talent SD 4,371,Phoenix Elementary School,Jackson
2039,Phoenix-Talent SD 4,374,Phoenix High School,Jackson
2039,Phoenix-Talent SD 4,372,Talent Elementary School,Jackson
2039,Phoenix-Talent SD 4,373,Talent Middle School,Jackson
2047,Pinehurst SD 94,407,Pinehurst Elementary School,Jackson
2045,Prospect SD 59,3356,Prospect Charter School,Jackson
2044,Rogue River SD 35,4856,Rivers Edge Academy Charter School,Jackson
2044,Rogue River SD 35,399,Rogue River Elementary School,Jackson
2044,Rogue River SD 35,401,Rogue River Junior/Senior High,Jackson
2051,Ashwood SD 8,427,Ashwood Elementary School,Jefferson
2052,Black Butte SD 41,428,Black Butte Elementary School,Jefferson
2050,Culver SD 4,425,Culver Elementary School,Jefferson
2050,Culver SD 4,426,Culver High School,Jefferson
2050,Culver SD 4,1295,Culver Middle School,Jefferson
2053,Jefferson County SD 509J,3458,Big Muddy Elementary,Jefferson
2053,Jefferson County SD 509J,429,Buff Intermediate School,Jefferson
2053,Jefferson County SD 509J,1773,Jefferson County Middle School,Jefferson
2053,Jefferson County SD 509J,434,Madras High School,Jefferson
2053,Jefferson County SD 509J,430,Madras Primary School,Jefferson
2053,Jefferson County SD 509J,431,Metolius Elementary School,Jefferson
2053,Jefferson County SD 509J,432,Warm Springs Elementary School,Jefferson
2054,Grants Pass SD 7,435,Allen Dale Elementary School,Josephine
2054,Grants Pass SD 7,1275,Family Solutions - Grants Pass,Josephine
2054,Grants Pass SD 7,442,Grants Pass High School,Josephine
2054,Grants Pass SD 7,436,Highland Elementary School,Josephine
2054,Grants Pass SD 7,437,Lincoln Elementary School,Josephine
2054,Grants Pass SD 7,438,North Middle School,Josephine
2054,Grants Pass SD 7,1351,Parkside Elementary,Josephine
2054,Grants Pass SD 7,439,Redwood Elementary School,Josephine
2054,Grants Pass SD 7,440,Riverside Elementary School,Josephine
2054,Grants Pass SD 7,441,South Middle School,Josephine
2055,Three Rivers/Josephine County SD,402,Applegate Elementary School,Josephine
2055,Three Rivers/Josephine County SD,443,Evergreen Elementary School,Josephine
2055,Three Rivers/Josephine County SD,444,Fleming Middle School,Josephine
2055,Three Rivers/Josephine County SD,445,Fruitdale Elementary School,Josephine
2055,Three Rivers/Josephine County SD,446,Ft Vannoy Elementary School,Josephine
2055,Three Rivers/Josephine County SD,455,Hidden Valley High School,Josephine
2055,Three Rivers/Josephine County SD,456,Illinois Valley High School,Josephine
2055,Three Rivers/Josephine County SD,447,Jerome Prairie Elementary School,Josephine
2055,Three Rivers/Josephine County SD,1782,Kairos - New Beginnings,Josephine
2055,Three Rivers/Josephine County SD,3150,Kairos - Three Bridges,Josephine
2055,Three Rivers/Josephine County SD,448,Lincoln Savage Middle School,Josephine
2055,Three Rivers/Josephine County SD,449,Lorna Byrne Middle School,Josephine
2055,Three Rivers/Josephine County SD,450,Madrona Elementary School,Josephine
2055,Three Rivers/Josephine County SD,451,Manzanita Elementary School,Josephine
2055,Three Rivers/Josephine County SD,457,North Valley High School,Josephine
2055,Three Rivers/Josephine County SD,4823,Sunny Wolf Charter School,Josephine
2055,Three Rivers/Josephine County SD,453,Williams Elementary School,Josephine
2055,Three Rivers/Josephine County SD,5063,Woodland Charter School,Josephine
2057,Klamath County SD,467,Bonanza Elementary School,Klamath
2057,Klamath County SD,482,Bonanza Junior/Senior High School,Klamath
2057,Klamath County SD,480,Brixner Junior High School,Klamath
2057,Klamath County SD,468,Chiloquin Elementary School,Klamath
2057,Klamath County SD,483,Chiloquin High School,Klamath
2057,Klamath County SD,4848,Falcon Heights Academy,Klamath
2057,Klamath County SD,470,Ferguson Elementary School,Klamath
2057,Klamath County SD,471,Gearhart Elementary School,Klamath
2057,Klamath County SD,472,Gilchrist Elementary School,Klamath
2057,Klamath County SD,484,Gilchrist Junior/Senior High School,Klamath
2057,Klamath County SD,473,Henley Elementary School,Klamath
2057,Klamath County SD,485,Henley High School,Klamath
2057,Klamath County SD,481,Henley Middle School,Klamath
2057,Klamath County SD,474,Keno Elementary School,Klamath
2057,Klamath County SD,486,Lost River High School,Klamath
2057,Klamath County SD,475,Malin Elementary School,Klamath
2057,Klamath County SD,488,Mazama High School,Klamath
2057,Klamath County SD,476,Merrill Elementary School,Klamath
2057,Klamath County SD,477,Peterson Elementary School,Klamath
2057,Klamath County SD,4581,Sage Community School,Klamath
2057,Klamath County SD,478,Shasta Elementary School,Klamath
2057,Klamath County SD,479,Stearns Elementary School,Klamath
2056,Klamath Falls City Schools,4545,EagleRidge High School,Klamath
2056,Klamath Falls City Schools,458,Fairview Elementary School,Klamath
2056,Klamath Falls City Schools,459,Joseph Conger Elementary School,Klamath
2056,Klamath Falls City Schools,487,Klamath Union High School,Klamath
2056,Klamath Falls City Schools,1257,Klamath Youth Development Center,Klamath
2056,Klamath Falls City Schools,4681,Link River High School,Klamath
2056,Klamath Falls City Schools,461,Mills Elementary School,Klamath
2056,Klamath Falls City Schools,462,Pelican Elementary School,Klamath
2056,Klamath Falls City Schools,463,Ponderosa Middle School,Klamath
2056,Klamath Falls City Schools,465,Roosevelt Elementary School,Klamath
2063,Adel SD 21,498,Adel Elementary School,Lake
2059,Lake County SD 7,491,Daly Middle School,Lake
2059,Lake County SD 7,490,Fremont/Hay Elementary School,Lake
2059,Lake County SD 7,492,Lakeview Senior High School,Lake
2059,Lake County SD 7,489,Union Elementary School,Lake
2061,North Lake SD 14,1289,North Lake School,Lake
2060,Paisley SD 11,3360,Paisley School,Lake
2062,Plush SD 18,497,Plush Elementary School,Lake
2088,Bethel SD 52,581,Cascade Middle School,Lane
2088,Bethel SD 52,582,Clear Lake Elementary School,Lane
2088,Bethel SD 52,583,Danebo Elementary School,Lane
2088,Bethel SD 52,584,Fairfield Elementary School,Lane
2088,Bethel SD 52,3133,HomeSource Family Charter,Lane
2088,Bethel SD 52,585,Irving Elementary School,Lane
2088,Bethel SD 52,3566,Kalapuya High School,Lane
2088,Bethel SD 52,586,Malabon Elementary School,Lane
2088,Bethel SD 52,2264,Meadow View School,Lane
2088,Bethel SD 52,3567,Prairie Mountain School,Lane
2088,Bethel SD 52,587,Shasta Middle School,Lane
2088,Bethel SD 52,588,Willamette High School,Lane
2095,Blachly SD 90,3401,Triangle Lake Charter School,Lane
2086,Creswell SD 40,570,Creslane Elementary School,Lane
2086,Creswell SD 40,572,Creswell High School,Lane
2086,Creswell SD 40,571,Creswell Middle School,Lane
2089,Crow-Applegate-Lorane SD 66,589,Applegate Elementary School,Lane
2089,Crow-Applegate-Lorane SD 66,592,Crow Middle/High School,Lane
2082,Eugene SD 4J,503,Adams Elementary School,Lane
2082,Eugene SD 4J,4554,Arts and Technology Academy at Jefferson,Lane
2082,Eugene SD 4J,504,Awbrey Park Elementary School,Lane
2082,Eugene SD 4J,1241,Buena Vista Elementary School,Lane
2082,Eugene SD 4J,506,Cal Young Middle School,Lane
2082,Eugene SD 4J,4739,Camas Ridge Community Elementary,Lane
2082,Eugene SD 4J,4146,Cesar Chavez Elementary School,Lane
2082,Eugene SD 4J,1240,Charlemagne at Fox Hollow Elementary School,Lane
2082,Eugene SD 4J,540,Churchill High School,Lane
2082,Eugene SD 4J,507,Coburg Community Charter School,Lane
2082,Eugene SD 4J,1242,Corridor Elementary School,Lane
2082,Eugene SD 4J,1774,Edgewood Community Elementary School,Lane
2082,Eugene SD 4J,510,Edison Elementary School,Lane
2082,Eugene SD 4J,537,Eugene Education Options,Lane
2082,Eugene SD 4J,1339,Family School,Lane
2082,Eugene SD 4J,513,Gilham Elementary School,Lane
2082,Eugene SD 4J,4157,Holt Elementary School,Lane
2082,Eugene SD 4J,515,Howard Elementary School,Lane
2082,Eugene SD 4J,518,Kelly Middle School,Lane
2082,Eugene SD 4J,519,Kennedy Middle School,Lane
2082,Eugene SD 4J,520,Madison Middle School,Lane
2082,Eugene SD 4J,522,McCornack Elementary School,Lane
2082,Eugene SD 4J,524,Monroe Middle School,Lane
2082,Eugene SD 4J,4041,Network Charter School,Lane
2082,Eugene SD 4J,536,North Eugene High School,Lane
2082,Eugene SD 4J,3233,Ridgeline Montessori,Lane
2082,Eugene SD 4J,525,River Road/El Camino del Rio Elementary School,Lane
2082,Eugene SD 4J,526,Roosevelt Middle School,Lane
2082,Eugene SD 4J,538,Sheldon High School,Lane
2082,Eugene SD 4J,539,South Eugene High School,Lane
2082,Eugene SD 4J,528,Spencer Butte Middle School,Lane
2082,Eugene SD 4J,529,Spring Creek Elementary School,Lane
2082,Eugene SD 4J,2316,Stepping Stone Lodge,Lane
2082,Eugene SD 4J,530,Twin Oaks Elementary School,Lane
2082,Eugene SD 4J,3229,Village School,Lane
2082,Eugene SD 4J,534,Willagillespie Elementary School,Lane
2082,Eugene SD 4J,1259,Yujin Gakuen Elementary School,Lane
2084,Fern Ridge SD 28J,563,Elmira Elementary School,Lane
2084,Fern Ridge SD 28J,567,Elmira High School,Lane
2084,Fern Ridge SD 28J,564,Fern Ridge Middle School,Lane
2084,Fern Ridge SD 28J,566,Veneta Elementary School,Lane
2084,Fern Ridge SD 28J,4045,West Lane Technology Learning Center,Lane
2091,Junction City SD 69,597,Junction City High School,Lane
2091,Junction City SD 69,595,Laurel Elementary School,Lane
2091,Junction City SD 69,596,Oaklea Middle School,Lane
2091,Junction City SD 69,1297,Territorial Elementary School,Lane
2092,Lowell SD 71,599,Lowell Junior/Senior High School,Lane
2092,Lowell SD 71,598,Lundy Elementary School,Lane
2085,Mapleton SD 32,568,Mapleton Elementary School,Lane
2085,Mapleton SD 32,569,Mapleton Jr/Sr High School,Lane
2094,Marcola SD 79J,603,Marcola Elementary School,Lane
2094,Marcola SD 79J,604,Mohawk High School,Lane
2090,McKenzie SD 68,593,McKenzie Elementary School,Lane
2090,McKenzie SD 68,594,McKenzie High School,Lane
2093,Oakridge SD 76,600,Oakridge Elementary School,Lane
2093,Oakridge SD 76,602,Oakridge High School,Lane
2093,Oakridge SD 76,601,Oakridge Junior High School,Lane
2081,Pleasant Hill SD 1,500,Pleasant Hill Elementary School,Lane
2081,Pleasant Hill SD 1,502,Pleasant Hill High School,Lane
2096,Siuslaw SD 97J,609,Siuslaw Elementary School,Lane
2096,Siuslaw SD 97J,610,Siuslaw High School,Lane
2096,Siuslaw SD 97J,608,Siuslaw Middle School,Lane
2087,South Lane SD 45J3,4555,Academy for Character Education,Lane
2087,South Lane SD 45J3,1791,Al Kennedy Alternative High School,Lane
2087,South Lane SD 45J3,573,Bohemia Elementary School,Lane
2087,South Lane SD 45J3,4395,Childs Way Charter School,Lane
2087,South Lane SD 45J3,580,Cottage Grove High School,Lane
2087,South Lane SD 45J3,574,Dorena School,Lane
2087,South Lane SD 45J3,576,Harrison Elementary School,Lane
2087,South Lane SD 45J3,577,Latham Elementary School,Lane
2087,South Lane SD 45J3,579,Lincoln Middle School,Lane
2087,South Lane SD 45J3,578,London School,Lane
2083,Springfield SD 19,4440,Academy of Arts and Academics,Lane
2083,Springfield SD 19,1353,Agnes Stewart Middle School,Lane
2083,Springfield SD 19,542,Briggs Middle School,Lane
2083,Springfield SD 19,544,Centennial Elementary School,Lane
2083,Springfield SD 19,4624,Community Transition Program-Springfield,Lane
2083,Springfield SD 19,545,Douglas Gardens Elementary School,Lane
2083,Springfield SD 19,546,Elizabeth Page Elementary School,Lane
2083,Springfield SD 19,1354,Gateways High School,Lane
2083,Springfield SD 19,548,Guy Lee Elementary School,Lane
2083,Springfield SD 19,549,Hamlin Middle School,Lane
2083,Springfield SD 19,1792,Jasper Mountain Center,Lane
2083,Springfield SD 19,550,Maple Elementary School,Lane
2083,Springfield SD 19,554,Mt Vernon Elementary School,Lane
2083,Springfield SD 19,553,Ridgeview Elementary School,Lane
2083,Springfield SD 19,1352,Riverbend Elementary School,Lane
2083,Springfield SD 19,1789,SAFE Center,Lane
2083,Springfield SD 19,560,Springfield High School,Lane
2083,Springfield SD 19,1252,The Child Center,Lane
2083,Springfield SD 19,556,Thurston Elementary School,Lane
2083,Springfield SD 19,561,Thurston High School,Lane
2083,Springfield SD 19,557,Thurston Middle School,Lane
2083,Springfield SD 19,5059,Two Rivers Dos Rios Elementary,Lane
2083,Springfield SD 19,558,Walterville Elementary School,Lane
2083,Springfield SD 19,4058,Willamette Leadership Academy,Lane
2083,Springfield SD 19,559,Yolanda Elementary School,Lane
2097,Lincoln County SD,623,Crestview Heights School,Lincoln
2097,Lincoln County SD,3361,Eddyville Charter School,Lincoln
2097,Lincoln County SD,1355,Isaac Newton Magnet School,Lincoln
2097,Lincoln County SD,3240,Lincoln City Career Technical High School,Lincoln
2097,Lincoln County SD,627,Newport High School,Lincoln
2097,Lincoln County SD,625,Newport Intermediate School,Lincoln
2097,Lincoln County SD,615,Newport Preparatory Academy,Lincoln
2097,Lincoln County SD,617,Oceanlake Elementary School,Lincoln
2097,Lincoln County SD,614,Olalla Center for Children & Families,Lincoln
2097,Lincoln County SD,618,Sam Case Elementary School,Lincoln
2097,Lincoln County SD,4468,Siletz Valley Early College Academy,Lincoln
2097,Lincoln County SD,4038,Siletz Valley School,Lincoln
2097,Lincoln County SD,620,Taft Elementary School,Lincoln
2097,Lincoln County SD,628,Taft High School,Lincoln
2097,Lincoln County SD,611,Toledo Elementary School,Lincoln
2097,Lincoln County SD,629,Toledo Junior/Senior High School,Lincoln
2097,Lincoln County SD,630,Waldport High School,Lincoln
2105,Central Linn SD 552,1311,Central Linn Elementary School,Linn
2105,Central Linn SD 552,687,Central Linn High School,Linn
2100,Greater Albany Public SD 8J,3950,Albany Options School,Linn
2100,Greater Albany Public SD 8J,632,Calapooia Middle School,Linn
2100,Greater Albany Public SD 8J,631,Central Elementary School,Linn
2100,Greater Albany Public SD 8J,633,Clover Ridge Elementary School,Linn
2100,Greater Albany Public SD 8J,640,Lafayette Elementary School,Linn
2100,Greater Albany Public SD 8J,641,Liberty Elementary School,Linn
2100,Greater Albany Public SD 8J,642,Memorial Middle School,Linn
2100,Greater Albany Public SD 8J,637,North Albany Elementary School,Linn
2100,Greater Albany Public SD 8J,638,North Albany Middle School,Linn
2100,Greater Albany Public SD 8J,643,Oak Elementary School,Linn
2100,Greater Albany Public SD 8J,639,Oak Grove Elementary School,Linn
2100,Greater Albany Public SD 8J,636,Periwinkle Elementary School,Linn
2100,Greater Albany Public SD 8J,650,South Albany High School,Linn
2100,Greater Albany Public SD 8J,645,South Shore Elementary School,Linn
2100,Greater Albany Public SD 8J,644,Sunrise Elementary School,Linn
2100,Greater Albany Public SD 8J,647,Takena Elementary School,Linn
2100,Greater Albany Public SD 8J,646,Tangent Elementary School,Linn
2100,Greater Albany Public SD 8J,4744,Timber Ridge School,Linn
2100,Greater Albany Public SD 8J,648,Waverly Elementary School,Linn
2100,Greater Albany Public SD 8J,649,West Albany High School,Linn
2099,Harrisburg SD 7J,659,Harrisburg Elementary School,Linn
2099,Harrisburg SD 7J,689,Harrisburg High School,Linn
2099,Harrisburg SD 7J,2723,Harrisburg Middle School,Linn
2101,Lebanon Community SD 9,652,Cascades School,Linn
2101,Lebanon Community SD 9,653,Green Acres School,Linn
2101,Lebanon Community SD 9,658,Hamilton Creek School,Linn
2101,Lebanon Community SD 9,671,Lacomb School,Linn
2101,Lebanon Community SD 9,688,Lebanon High School,Linn
2101,Lebanon Community SD 9,3504,Pioneer School,Linn
2101,Lebanon Community SD 9,3503,Riverview School,Linn
2101,Lebanon Community SD 9,3505,Sand Ridge Charter School,Linn
2101,Lebanon Community SD 9,674,Seven Oak Middle School,Linn
2098,Linn Benton Lincoln ESD,42,Childrens Farm Home,Linn
2098,Linn Benton Lincoln ESD,1271,Old Mill Center for Children & Families,Linn
2104,Santiam Canyon SD 129J,681,Santiam Elementary School,Linn
2104,Santiam Canyon SD 129J,683,Santiam Junior/Senior High School,Linn
2103,Scio SD 95,676,Centennial Elementary School,Linn
2103,Scio SD 95,2994,Lourdes School,Linn
2103,Scio SD 95,4399,Oregon Connections Academy,Linn
2103,Scio SD 95,678,Scio High School,Linn
2103,Scio SD 95,677,Scio Middle School,Linn
2102,Sweet Home SD 55,662,Foster Elementary School,Linn
2102,Sweet Home SD 55,663,Hawthorne Elementary School,Linn
2102,Sweet Home SD 55,664,Holley Elementary School,Linn
2102,Sweet Home SD 55,666,Oak Heights Elementary School,Linn
2102,Sweet Home SD 55,4484,Sweet Home Charter School,Linn
2102,Sweet Home SD 55,669,Sweet Home High School,Linn
2102,Sweet Home SD 55,668,Sweet Home Junior High School,Linn
2113,Adrian SD 61,707,Adrian Elementary School,Malheur
2113,Adrian SD 61,708,Adrian High School,Malheur
2111,Annex SD 29,705,Annex Charter School,Malheur
2115,Arock SD 81,711,W W Jones Elementary School,Malheur
2114,Harper SD 66,3362,Harper Charter School,Malheur
2107,Jordan Valley SD 3,691,Jordan Valley Elementary School,Malheur
2107,Jordan Valley SD 3,712,Jordan Valley High School,Malheur
2107,Jordan Valley SD 3,3132,Rockville Elementary School,Malheur
2109,Juntura SD 12,700,Juntura Elementary School,Malheur
2110,Nyssa SD 26,702,Nyssa Elementary School,Malheur
2110,Nyssa SD 26,704,Nyssa High School,Malheur
2110,Nyssa SD 26,703,Nyssa Middle School,Malheur
2108,Ontario SD 8C,694,Aiken Elementary School,Malheur
2108,Ontario SD 8C,692,Alameda Elementary School,Malheur
2108,Ontario SD 8C,693,Cairo Elementary School,Malheur
2108,Ontario SD 8C,696,May Roberts Elementary School,Malheur
2108,Ontario SD 8C,699,Ontario High School,Malheur
2108,Ontario SD 8C,698,Ontario Middle School,Malheur
2108,Ontario SD 8C,697,Pioneer Elementary School,Malheur
2116,Vale SD 84,701,Vale Elementary School,Malheur
2116,Vale SD 84,713,Vale High School,Malheur
2116,Vale SD 84,1357,Vale Middle School,Malheur
2116,Vale SD 84,706,Willowcreek Elementary School,Malheur
2139,Cascade SD 5,719,Aumsville Elementary School,Marion
2139,Cascade SD 5,810,Cascade Junior High School,Marion
2139,Cascade SD 5,811,Cascade Senior High School,Marion
2139,Cascade SD 5,806,Cloverdale Elementary School,Marion
2139,Cascade SD 5,790,Turner Elementary School,Marion
2137,Gervais SD 1,782,Eldriedge Elementary School,Marion
2137,Gervais SD 1,776,Gervais Elementary School,Marion
2137,Gervais SD 1,808,Gervais High School,Marion
2137,Gervais SD 1,786,Gervais Middle School,Marion
2137,Gervais SD 1,4024,Samuel Brown Academy,Marion
2140,Jefferson SD 14J,721,Jefferson Elementary School,Marion
2140,Jefferson SD 14J,723,Jefferson High School,Marion
2140,Jefferson SD 14J,722,Jefferson Middle School,Marion
2145,Mt Angel SD 91,794,John F Kennedy High School,Marion
2145,Mt Angel SD 91,792,Mt Angel Middle School,Marion
2145,Mt Angel SD 91,793,St Marys Public School,Marion
2141,North Marion SD 15,726,North Marion High School,Marion
2141,North Marion SD 15,724,North Marion Intermediate School,Marion
2141,North Marion SD 15,725,North Marion Middle School,Marion
2141,North Marion SD 15,3146,North Marion Primary School,Marion
2143,North Santiam SD 29J,656,Mari-Linn Elementary School,Marion
2143,North Santiam SD 29J,788,Stayton Elementary School,Marion
2143,North Santiam SD 29J,809,Stayton High School,Marion
2143,North Santiam SD 29J,789,Stayton Middle School,Marion
2143,North Santiam SD 29J,717,Sublimity Elementary School,Marion
3476,ODE JDEP District,2831,COIC Skill Lab,Marion
3476,ODE JDEP District,2848,Donald E Long School,Marion
3476,ODE JDEP District,2836,Jackson County Juvenile,Marion
3476,ODE JDEP District,2839,Klamath County Juvenile,Marion
3476,ODE JDEP District,2841,Lane County Dept of Youth,Marion
3476,ODE JDEP District,2842,Lincoln County Juvenile,Marion
3476,ODE JDEP District,2843,Linn County Juvenile Detention,Marion
3476,ODE JDEP District,2846,Marion County Juvenile Detention,Marion
3476,ODE JDEP District,2832,Mt Nebo Alt Ed,Marion
3476,ODE JDEP District,3129,NORCOR Education Detention Center,Marion
3476,ODE JDEP District,2858,Yamhill County Juvenile,Marion
3476,ODE JDEP District,2826,Youngs Bay Education Center,Marion
3477,ODE YCEP District,2258,Monroe School,Marion
3477,ODE YCEP District,2260,Newbridge High School,Marion
3477,ODE YCEP District,2387,Ocean Dunes High School,Marion
3477,ODE YCEP District,2386,RiverBend High School,Marion
3477,ODE YCEP District,1827,Robert S Farrell High School,Marion
3477,ODE YCEP District,2385,South Jetty High School,Marion
3477,ODE YCEP District,4609,Three Lakes High School,Marion
3477,ODE YCEP District,4588,Trask River High School,Marion
3477,ODE YCEP District,1828,William P Lord High School,Marion
2336,Oregon Department of Education,4850,Eagle Charter School,Marion
2336,Oregon Department of Education,4040,Four Rivers Community School,Marion
2336,Oregon Department of Education,1832,Oregon School for the Deaf,Marion
2336,Oregon Department of Education,4604,Southwest Charter School,Marion
2336,Oregon Department of Education,4720,The Ivy School,Marion
2142,Salem-Keizer SD 24J,728,Auburn Elementary School,Marion
2142,Salem-Keizer SD 24J,5066,Battle Creek Elementary School,Marion
2142,Salem-Keizer SD 24J,731,Brush College Elementary School,Marion
2142,Salem-Keizer SD 24J,732,Bush Elementary School,Marion
2142,Salem-Keizer SD 24J,733,Candalaria Elementary School,Marion
2142,Salem-Keizer SD 24J,3582,Catholic Community Services,Marion
2142,Salem-Keizer SD 24J,5064,Cesar E Chavez Elem,Marion
2142,Salem-Keizer SD 24J,1244,Chapman Hill Elementary School,Marion
2142,Salem-Keizer SD 24J,3373,Claggett Creek Middle School,Marion
2142,Salem-Keizer SD 24J,734,Clear Lake Elementary School,Marion
2142,Salem-Keizer SD 24J,1329,Crossler Middle School,Marion
2142,Salem-Keizer SD 24J,735,Cummings Elementary School,Marion
2142,Salem-Keizer SD 24J,4589,Early College High School,Marion
2142,Salem-Keizer SD 24J,736,Englewood Elementary School,Marion
2142,Salem-Keizer SD 24J,751,Eyre Elementary School,Marion
2142,Salem-Keizer SD 24J,3529,Forest Ridge Elementary School,Marion
2142,Salem-Keizer SD 24J,738,Four Corners Elementary School,Marion
2142,Salem-Keizer SD 24J,740,Grant Community School,Marion
2142,Salem-Keizer SD 24J,745,Gubser Elementary School,Marion
2142,Salem-Keizer SD 24J,3377,Hallman Elementary School,Marion
2142,Salem-Keizer SD 24J,3376,Hammond Elementary School,Marion
2142,Salem-Keizer SD 24J,4068,Harritt Elementary School,Marion
2142,Salem-Keizer SD 24J,755,Hayesville Elementary School,Marion
2142,Salem-Keizer SD 24J,743,Highland Elementary School,Marion
2142,Salem-Keizer SD 24J,744,Hoover Elementary School,Marion
2142,Salem-Keizer SD 24J,1330,Houck Middle School,Marion
2142,Salem-Keizer SD 24J,1358,Howard Street Charter,Marion
2142,Salem-Keizer SD 24J,4210,Jane Goodall Environmental Middle Charter School,Marion
2142,Salem-Keizer SD 24J,765,Judson Middle School,Marion
2142,Salem-Keizer SD 24J,4858,Kalapuya Elementary School,Marion
2142,Salem-Keizer SD 24J,747,Keizer Elementary School,Marion
2142,Salem-Keizer SD 24J,746,Kennedy Elementary School,Marion
2142,Salem-Keizer SD 24J,3375,Lamb Elementary School,Marion
2142,Salem-Keizer SD 24J,3526,Lee Elementary School,Marion
2142,Salem-Keizer SD 24J,766,Leslie Middle School,Marion
2142,Salem-Keizer SD 24J,749,Liberty Elementary School,Marion
2142,Salem-Keizer SD 24J,771,McKay High School,Marion
2142,Salem-Keizer SD 24J,750,McKinley Elementary School,Marion
2142,Salem-Keizer SD 24J,772,McNary High School,Marion
2142,Salem-Keizer SD 24J,3215,Miller Elementary School,Marion
2142,Salem-Keizer SD 24J,753,Morningside Elementary School,Marion
2142,Salem-Keizer SD 24J,754,Myers Elementary School,Marion
2142,Salem-Keizer SD 24J,773,North Salem High School,Marion
2142,Salem-Keizer SD 24J,3528,Optimum Learning Environment Charter School,Marion
2142,Salem-Keizer SD 24J,767,Parrish Middle School,Marion
2142,Salem-Keizer SD 24J,756,Pringle Elementary School,Marion
2142,Salem-Keizer SD 24J,757,Richmond Elementary School,Marion
2142,Salem-Keizer SD 24J,4596,Roberts High School,Marion
2142,Salem-Keizer SD 24J,759,Salem Heights Elementary School,Marion
2142,Salem-Keizer SD 24J,760,Schirle Elementary School,Marion
2142,Salem-Keizer SD 24J,741,Scott Elementary School,Marion
2142,Salem-Keizer SD 24J,775,South Salem High School,Marion
2142,Salem-Keizer SD 24J,774,Sprague High School,Marion
2142,Salem-Keizer SD 24J,1331,Stephens Middle School,Marion
2142,Salem-Keizer SD 24J,4859,Straub Middle School,Marion
2142,Salem-Keizer SD 24J,761,Sumpter Elementary School,Marion
2142,Salem-Keizer SD 24J,762,Swegle Elementary School,Marion
2142,Salem-Keizer SD 24J,4390,Valley Inquiry Charter School,Marion
2142,Salem-Keizer SD 24J,768,Waldo Middle School,Marion
2142,Salem-Keizer SD 24J,769,Walker Middle School,Marion
2142,Salem-Keizer SD 24J,763,Washington Elementary School,Marion
2142,Salem-Keizer SD 24J,3374,Weddle Elementary School,Marion
2142,Salem-Keizer SD 24J,3463,West Salem High School,Marion
2142,Salem-Keizer SD 24J,770,Whiteaker Middle School,Marion
2142,Salem-Keizer SD 24J,737,Wright Elementary School,Marion
2142,Salem-Keizer SD 24J,764,Yoshikai Elementary School,Marion
2138,Silver Falls SD 4J,784,Bethany Charter School,Marion
2138,Silver Falls SD 4J,119,Butte Creek Elementary School,Marion
2138,Silver Falls SD 4J,807,Central Howell Elementary School,Marion
2138,Silver Falls SD 4J,714,Eugene Field Elementary School,Marion
2138,Silver Falls SD 4J,718,Evergreen Elementary School,Marion
2138,Silver Falls SD 4J,715,Mark Twain Middle School,Marion
2138,Silver Falls SD 4J,780,Pratum Elementary School,Marion
2138,Silver Falls SD 4J,716,Robert Frost Elementary School,Marion
2138,Silver Falls SD 4J,785,Scotts Mills Elementary School,Marion
2138,Silver Falls SD 4J,795,Silver Crest Elementary School,Marion
2138,Silver Falls SD 4J,812,Silverton High School,Marion
2138,Silver Falls SD 4J,4746,The Community Roots School,Marion
2138,Silver Falls SD 4J,777,Victor Point Elementary School,Marion
2144,St Paul SD 45,778,St Paul Elementary School,Marion
2144,St Paul SD 45,779,St Paul High School,Marion
2117,Willamette ESD,3369,Chehalem Youth & Family Services,Marion
2117,Willamette ESD,3029,Metsker Heights at Rainbow Family Services,Marion
2117,Willamette ESD,2334,Oregon State Hospital Salem (educational program),Marion
2117,Willamette ESD,1283,Poyama Day Treatment,Marion
2146,Woodburn SD 103,4540,Academy of International Studies (at Woodburn),Marion
2146,Woodburn SD 103,1268,French Prairie Middle School,Marion
2146,Woodburn SD 103,1359,Heritage Elementary,Marion
2146,Woodburn SD 103,1267,Lincoln Elementary School,Marion
2146,Woodburn SD 103,796,Nellie Muir Elementary School,Marion
2146,Woodburn SD 103,1360,Valor Middle School,Marion
2146,Woodburn SD 103,797,Washington Elementary School,Marion
2146,Woodburn SD 103,4541,"Wellness, Business and Sports School",Marion
2146,Woodburn SD 103,4542,"Woodburn Academy of Art, Science and Technology",Marion
2146,Woodburn SD 103,4230,Woodburn Arthur Academy,Marion
2146,Woodburn SD 103,4543,Woodburn Arts and Communications Academy,Marion
2146,Woodburn SD 103,4544,Woodburn Success,Marion
3997,Ione SD R2,3363,Ione Community Charter School,Morrow
2147,Morrow SD 1,813,A C Houghton Elementary School,Morrow
2147,Morrow SD 1,815,Heppner Elementary School,Morrow
2147,Morrow SD 1,818,Heppner Junior/Senior High School,Morrow
2147,Morrow SD 1,4048,Irrigon Elementary School,Morrow
2147,Morrow SD 1,817,Irrigon Junior/Senior High School,Morrow
2147,Morrow SD 1,820,Riverside Junior/Senior High School,Morrow
2147,Morrow SD 1,814,Sam Boardman Elementary School,Morrow
2147,Morrow SD 1,4047,Windy River Elementary School,Morrow
2185,Centennial SD 28J,3649,Butler Creek Elementary School,Multnomah
2185,Centennial SD 28J,1367,Centenial Park School,Multnomah
2185,Centennial SD 28J,967,Centennial High School,Multnomah
2185,Centennial SD 28J,960,Centennial Middle School,Multnomah
2185,Centennial SD 28J,959,Lynch Meadows Elementary School,Multnomah
2185,Centennial SD 28J,964,Lynch View Elementary School,Multnomah
2185,Centennial SD 28J,965,Lynch Wood Elementary School,Multnomah
2185,Centennial SD 28J,962,Oliver Elementary School,Multnomah
2185,Centennial SD 28J,963,Parklane Elementary School,Multnomah
2185,Centennial SD 28J,966,Pleasant Valley Elementary School,Multnomah
2186,Corbett SD 39,4747,Corbett Charter School,Multnomah
2186,Corbett SD 39,4592,Corbett School,Multnomah
2187,David Douglas SD 40,980,Alice Ott Middle School,Multnomah
2187,David Douglas SD 40,3580,Arthur Academy,Multnomah
2187,David Douglas SD 40,972,Cherry Park Elementary School,Multnomah
2187,David Douglas SD 40,983,David Douglas High School,Multnomah
2187,David Douglas SD 40,3525,Earl Boyles Elementary,Multnomah
2187,David Douglas SD 40,981,Floyd Light Middle School,Multnomah
2187,David Douglas SD 40,973,Gilbert Heights Elementary School,Multnomah
2187,David Douglas SD 40,974,Gilbert Park Elementary School,Multnomah
2187,David Douglas SD 40,975,Lincoln Park Elementary School,Multnomah
2187,David Douglas SD 40,976,Menlo Park Elementary School,Multnomah
2187,David Douglas SD 40,977,Mill Park Elementary School,Multnomah
2187,David Douglas SD 40,4232,Ron Russell Middle School,Multnomah
2187,David Douglas SD 40,978,Ventura Park Elementary School,Multnomah
2187,David Douglas SD 40,979,West Powellhurst Elementary School,Multnomah
2183,Gresham-Barlow SD 10J,3553,Center for Advanced Learning,Multnomah
2183,Gresham-Barlow SD 10J,1312,Clear Creek Middle School,Multnomah
2183,Gresham-Barlow SD 10J,90,Damascus Middle School,Multnomah
2183,Gresham-Barlow SD 10J,91,Deep Creek Elementary School,Multnomah
2183,Gresham-Barlow SD 10J,932,Dexter McCarty Middle School,Multnomah
2183,Gresham-Barlow SD 10J,933,East Gresham Elementary School,Multnomah
2183,Gresham-Barlow SD 10J,941,East Orient Elementary School,Multnomah
2183,Gresham-Barlow SD 10J,934,Gordon Russell Middle School,Multnomah
2183,Gresham-Barlow SD 10J,4601,Gresham Arthur Academy,Multnomah
2183,Gresham-Barlow SD 10J,986,Gresham High School,Multnomah
2183,Gresham-Barlow SD 10J,936,Hall Elementary School,Multnomah
2183,Gresham-Barlow SD 10J,935,Highland Elementary School,Multnomah
2183,Gresham-Barlow SD 10J,3543,Hogan Cedars Elementary School,Multnomah
2183,Gresham-Barlow SD 10J,937,Hollydale Elementary School,Multnomah
2183,Gresham-Barlow SD 10J,1313,Kelly Creek Elementary School,Multnomah
2183,Gresham-Barlow SD 10J,4667,Lewis and Clark Montessori Charter School,Multnomah
2183,Gresham-Barlow SD 10J,4740,Metro East Web Academy,Multnomah
2183,Gresham-Barlow SD 10J,938,North Gresham Elementary School,Multnomah
2183,Gresham-Barlow SD 10J,939,Powell Valley Elementary School,Multnomah
2183,Gresham-Barlow SD 10J,987,Sam Barlow High School,Multnomah
2183,Gresham-Barlow SD 10J,3577,Springwater Trail High School,Multnomah
2183,Gresham-Barlow SD 10J,940,West Gresham Elementary School,Multnomah
2183,Gresham-Barlow SD 10J,942,West Orient Middle School,Multnomah
2148,Multnomah ESD,821,Alpha High School,Multnomah
2148,Multnomah ESD,3168,Arata Creek School,Multnomah
2148,Multnomah ESD,4203,Doernbecher Childrens Hospital (educational program),Multnomah
2148,Multnomah ESD,1298,Helensview High School,Multnomah
2148,Multnomah ESD,953,Kerr Youth Center/Wynne Watts School,Multnomah
2181,Parkrose SD 3,931,Parkrose High School,Multnomah
2181,Parkrose SD 3,930,Parkrose Middle School,Multnomah
2181,Parkrose SD 3,925,Prescott Elementary School,Multnomah
2181,Parkrose SD 3,926,Russell Academy,Multnomah
2181,Parkrose SD 3,927,Sacramento Elementary School,Multnomah
2181,Parkrose SD 3,928,Shaver Elementary School,Multnomah
2180,Portland SD 1J,822,Abernethy Elementary School,Multnomah
2180,Portland SD 1J,823,Ainsworth Elementary School,Multnomah
2180,Portland SD 1J,824,Alameda Elementary School,Multnomah
2180,Portland SD 1J,4507,Alliance High School,Multnomah
2180,Portland SD 1J,826,Arleta Elementary School,Multnomah
2180,Portland SD 1J,827,Astor Elementary School,Multnomah
2180,Portland SD 1J,828,Atkinson Elementary School,Multnomah
2180,Portland SD 1J,830,Beach Elementary School,Multnomah
2180,Portland SD 1J,831,Beaumont Middle School,Multnomah
2180,Portland SD 1J,906,Benson Polytechnic High School,Multnomah
2180,Portland SD 1J,857,Beverly Cleary School,Multnomah
2180,Portland SD 1J,833,Boise-Eliot Elementary School,Multnomah
2180,Portland SD 1J,907,Boys & Girls Aid Society/Johns Landing School,Multnomah
2180,Portland SD 1J,834,Bridger Elementary School,Multnomah
2180,Portland SD 1J,835,Bridlemile Elementary School,Multnomah
2180,Portland SD 1J,837,Buckman Elementary School,Multnomah
2180,Portland SD 1J,838,Capitol Hill Elementary School,Multnomah
2180,Portland SD 1J,841,Csar Chvez K-8 School,Multnomah
2180,Portland SD 1J,839,Chapman Elementary School,Multnomah
2180,Portland SD 1J,840,Chief Joseph Elementary School,Multnomah
2180,Portland SD 1J,909,Cleveland High School,Multnomah
2180,Portland SD 1J,4640,Creative Science School,Multnomah
2180,Portland SD 1J,843,Creston Elementary School,Multnomah
2180,Portland SD 1J,1363,da Vinci Middle School,Multnomah
2180,Portland SD 1J,844,Duniway Elementary School,Multnomah
2180,Portland SD 1J,3991,Emerson School,Multnomah
2180,Portland SD 1J,847,Faubion Elementary School,Multnomah
2180,Portland SD 1J,2413,Forest Park Elementary School,Multnomah
2180,Portland SD 1J,911,Franklin High School,Multnomah
2180,Portland SD 1J,849,George Middle School,Multnomah
2180,Portland SD 1J,850,Glencoe Elementary School,Multnomah
2180,Portland SD 1J,912,Grant High School,Multnomah
2180,Portland SD 1J,852,Gray Middle School,Multnomah
2180,Portland SD 1J,854,Grout Elementary School,Multnomah
2180,Portland SD 1J,842,Harrison Park School,Multnomah
2180,Portland SD 1J,855,Hayhurst Elementary School,Multnomah
2180,Portland SD 1J,858,Hosford Middle School,Multnomah
2180,Portland SD 1J,861,Irvington Elementary School,Multnomah
2180,Portland SD 1J,1277,Jackson Middle School,Multnomah
2180,Portland SD 1J,862,James John Elementary School,Multnomah
2180,Portland SD 1J,908,Janus Youth Programs,Multnomah
2180,Portland SD 1J,913,Jefferson High School,Multnomah
2180,Portland SD 1J,864,Kelly Elementary School,Multnomah
2180,Portland SD 1J,866,King Elementary School,Multnomah
2180,Portland SD 1J,1243,Lane Middle School,Multnomah
2180,Portland SD 1J,868,Laurelhurst Elementary School,Multnomah
2180,Portland SD 1J,5060,Le Monde French Immersion Public Charter School,Multnomah
2180,Portland SD 1J,4464,Leadership and Entrepreneurship Public Charter High School,Multnomah
2180,Portland SD 1J,869,Lee Elementary School,Multnomah
2180,Portland SD 1J,870,Lent Elementary School,Multnomah
2180,Portland SD 1J,871,Lewis Elementary School,Multnomah
2180,Portland SD 1J,914,Lincoln High School,Multnomah
2180,Portland SD 1J,872,Llewellyn Elementary School,Multnomah
2180,Portland SD 1J,915,Madison High School,Multnomah
2180,Portland SD 1J,873,Maplewood Elementary School,Multnomah
2180,Portland SD 1J,1278,Markham Elementary School,Multnomah
2180,Portland SD 1J,875,Marysville Elementary School,Multnomah
2180,Portland SD 1J,916,Metropolitan Learning Center,Multnomah
2180,Portland SD 1J,2275,"Morrison Child & Family Services, Breakthrough",Multnomah
2180,Portland SD 1J,1279,"Morrison Child & Family Services, Hand In Hand ",Multnomah
2180,Portland SD 1J,877,Mt Tabor Middle School,Multnomah
2180,Portland SD 1J,1281,Nickerson Center ADTP,Multnomah
2180,Portland SD 1J,878,Ockley Green,Multnomah
2180,Portland SD 1J,3451,Opal School of the Portland Children's Museum,Multnomah
2180,Portland SD 1J,880,Parry Center for Children,Multnomah
2180,Portland SD 1J,3584,Parry Center SCIP,Multnomah
2180,Portland SD 1J,879,Peninsula Elementary School,Multnomah
2180,Portland SD 1J,4400,Portland Arthur Academy Charter School,Multnomah
2180,Portland SD 1J,4534,Portland Village School,Multnomah
2180,Portland SD 1J,883,Richmond Elementary School,Multnomah
2180,Portland SD 1J,1299,Rieke Elementary School,Multnomah
2180,Portland SD 1J,884,Rigler Elementary School,Multnomah
2180,Portland SD 1J,918,Roosevelt High School,Multnomah
2180,Portland SD 1J,829,Rosa Parks Elementary School,Multnomah
2180,Portland SD 1J,923,Rosemont School,Multnomah
2180,Portland SD 1J,885,Roseway Heights School,Multnomah
2180,Portland SD 1J,886,Sabin Elementary School,Multnomah
2180,Portland SD 1J,887,Scott Elementary School,Multnomah
2180,Portland SD 1J,4212,"Self Enhancement, Inc/SEI Academy",Multnomah
2180,Portland SD 1J,888,Sellwood Middle School,Multnomah
2180,Portland SD 1J,889,Sitton Elementary School,Multnomah
2180,Portland SD 1J,890,Skyline Elementary School,Multnomah
2180,Portland SD 1J,892,Stephenson Elementary School,Multnomah
2180,Portland SD 1J,893,Sunnyside Environmental School,Multnomah
2180,Portland SD 1J,3616,Trillium,Multnomah
2180,Portland SD 1J,895,Vernon Elementary School,Multnomah
2180,Portland SD 1J,896,Vestal Elementary School,Multnomah
2180,Portland SD 1J,898,West Sylvan Middle School,Multnomah
2180,Portland SD 1J,921,White Shield Home,Multnomah
2180,Portland SD 1J,900,Whitman Elementary School,Multnomah
2180,Portland SD 1J,4405,Wildflowers,Multnomah
2180,Portland SD 1J,922,Wilson High School,Multnomah
2180,Portland SD 1J,1364,Winterhaven School,Multnomah
2180,Portland SD 1J,902,Woodlawn Elementary School,Multnomah
2180,Portland SD 1J,903,Woodmere Elementary School,Multnomah
2180,Portland SD 1J,904,Woodstock Elementary School,Multnomah
2182,Reynolds SD 7,4648,ACE Academy,Multnomah
2182,Reynolds SD 7,943,Alder Elementary School,Multnomah
2182,Reynolds SD 7,949,Davis Elementary School,Multnomah
2182,Reynolds SD 7,945,Fairview Elementary School,Multnomah
2182,Reynolds SD 7,946,Glenfair Elementary School,Multnomah
2182,Reynolds SD 7,947,Hartley Elementary School,Multnomah
2182,Reynolds SD 7,954,Hauton B Lee Middle School,Multnomah
2182,Reynolds SD 7,4822,KNOVA Reynolds Public Charter School,Multnomah
2182,Reynolds SD 7,948,Margaret Scott Elementary School,Multnomah
2182,Reynolds SD 7,3490,Multisensory Learning Academy,Multnomah
2182,Reynolds SD 7,4216,Reynolds Arthur Academy,Multnomah
2182,Reynolds SD 7,957,Reynolds High School,Multnomah
2182,Reynolds SD 7,1343,Reynolds Learning Academy,Multnomah
2182,Reynolds SD 7,1254,Reynolds Middle School,Multnomah
2182,Reynolds SD 7,3989,Salish Ponds Elementary School,Multnomah
2182,Reynolds SD 7,950,Sweetbriar Elementary School,Multnomah
2182,Reynolds SD 7,951,Troutdale Elementary School,Multnomah
2182,Reynolds SD 7,2263,Walt Morey Middle School,Multnomah
2182,Reynolds SD 7,952,Wilkes Elementary School,Multnomah
2182,Reynolds SD 7,1365,Woodland Elementary,Multnomah
2188,Riverdale SD 51J,985,Riverdale Grade School,Multnomah
2188,Riverdale SD 51J,1345,Riverdale High School,Multnomah
2191,Central SD 13J,3464,Ash Creek Elementary School,Polk
2191,Central SD 13J,1002,Central High School,Polk
2191,Central SD 13J,997,Henry Hill Elementary School,Polk
2191,Central SD 13J,998,Independence Elementary School,Polk
2191,Central SD 13J,999,Monmouth Elementary School,Polk
2191,Central SD 13J,1001,Talmadge Middle School,Polk
2190,Dallas SD 2,995,Dallas High School,Polk
2190,Dallas SD 2,994,LaCreole Middle School,Polk
2190,Dallas SD 2,3461,Luckiamute Valley Charter School,Polk
2190,Dallas SD 2,989,Lyle Elementary School,Polk
2190,Dallas SD 2,990,Oakdale Heights Elementary School,Polk
2190,Dallas SD 2,993,Whitworth Elementary School,Polk
2193,Falls City SD 57,1005,Falls City Elementary School,Polk
2193,Falls City SD 57,1006,Falls City High School,Polk
2192,Perrydale SD 21,3378,Perrydale School,Polk
2195,Sherman County SD,5062,Oregon Virtual Education - East,Sherman
2195,Sherman County SD,1009,Sherman Elementary School,Sherman
2195,Sherman County SD,1010,Sherman Junior/Senior High School,Sherman
2198,Neah-Kah-Nie SD 56,1020,Garibaldi Elementary School,Tillamook
2198,Neah-Kah-Nie SD 56,1022,Neah-Kah-Nie High School,Tillamook
2198,Neah-Kah-Nie SD 56,4481,Neah-Kah-Nie Middle School,Tillamook
2198,Neah-Kah-Nie SD 56,1021,Nehalem Elementary School,Tillamook
2199,Nestucca Valley SD 101J,1023,Nestucca High School,Tillamook
2199,Nestucca Valley SD 101J,1019,Nestucca Valley Elementary,Tillamook
2197,Tillamook SD 9,1012,East Elementary School,Tillamook
2197,Tillamook SD 9,1013,Liberty Elementary School,Tillamook
2197,Tillamook SD 9,1014,South Prairie Elementary School,Tillamook
2197,Tillamook SD 9,1017,Tillamook High School,Tillamook
2197,Tillamook SD 9,1016,Tillamook Junior High School,Tillamook
2208,Athena-Weston SD 29RJ,1053,Athena Elementary School,Umatilla
2208,Athena-Weston SD 29RJ,1055,Weston Middle School,Umatilla
2208,Athena-Weston SD 29RJ,1056,Weston-McEwen High School,Umatilla
2203,Echo SD 5,3433,Echo School,Umatilla
2201,Helix SD 1,3364,Helix School,Umatilla
2206,Hermiston SD 8,1039,Armand Larive Middle School,Umatilla
2206,Hermiston SD 8,3426,Desert View Elementary School,Umatilla
2206,Hermiston SD 8,1040,Hermiston High School,Umatilla
2206,Hermiston SD 8,1034,Highland Hills Elementary School,Umatilla
2206,Hermiston SD 8,4743,Innovative Learning Center,Umatilla
2206,Hermiston SD 8,1036,Rocky Heights Elementary School,Umatilla
2206,Hermiston SD 8,1333,Sandstone Middle School,Umatilla
2206,Hermiston SD 8,1037,Sunset Elementary School,Umatilla
2206,Hermiston SD 8,1038,West Park Elementary School,Umatilla
2200,InterMountain ESD,4846,Lifeways Inc,Umatilla
2205,Milton-Freewater Unified SD 7,1057,Central Middle School,Umatilla
2205,Milton-Freewater Unified SD 7,1041,Ferndale Elementary School,Umatilla
2205,Milton-Freewater Unified SD 7,1058,Freewater Elementary School,Umatilla
2205,Milton-Freewater Unified SD 7,1059,Grove Elementary School,Umatilla
2205,Milton-Freewater Unified SD 7,1064,McLoughlin High School,Umatilla
2205,Milton-Freewater Unified SD 7,4408,Pleasant View School,Umatilla
2207,Pendleton SD 16,4116,Hawthorne Middle/High School,Umatilla
2207,Pendleton SD 16,2270,Homestead Youth & Family Services,Umatilla
2207,Pendleton SD 16,1046,Lincoln Primary School,Umatilla
2207,Pendleton SD 16,1047,McKay Creek Elementary School,Umatilla
2207,Pendleton SD 16,4202,Nixyaawii Community School,Umatilla
2207,Pendleton SD 16,1052,Pendleton High School,Umatilla
2207,Pendleton SD 16,1048,Sherwood Heights Elementary School,Umatilla
2207,Pendleton SD 16,1051,Sunridge Middle School,Umatilla
2207,Pendleton SD 16,1049,Washington Elementary School,Umatilla
2207,Pendleton SD 16,1050,West Hills Intermediate,Umatilla
2202,Pilot Rock SD 2,1027,Pilot Rock Elementary School,Umatilla
2202,Pilot Rock SD 2,1028,Pilot Rock High School,Umatilla
2209,Stanfield SD 61,1060,Stanfield Elementary School,Umatilla
2209,Stanfield SD 61,1061,Stanfield Secondary School,Umatilla
2210,Ukiah SD 80R,3432,Ukiah School,Umatilla
2204,Umatilla SD 6R,1031,Clara Brownell Middle School,Umatilla
2204,Umatilla SD 6R,1032,McNary Heights Elementary School,Umatilla
2204,Umatilla SD 6R,1033,Umatilla High School,Umatilla
2216,Cove SD 15,3434,Cove Charter School,Union
2217,Elgin SD 23,1083,Elgin High School,Union
2217,Elgin SD 23,1082,Stella Mayfield Elementary School,Union
2215,Imbler SD 11,1079,Imbler Charter School,Union
2212,La Grande SD 1,1066,Central Elementary School,Union
2212,La Grande SD 1,1067,Grande Ronde Child Ctr,Union
2212,La Grande SD 1,1068,Greenwood Elementary School,Union
2212,La Grande SD 1,1069,Island City Elementary School,Union
2212,La Grande SD 1,1073,La Grande High School,Union
2212,La Grande SD 1,1072,La Grande Middle School,Union
2212,La Grande SD 1,1071,Willow Elementary School,Union
2214,North Powder SD 8J,3365,North Powder Charter School,Union
2213,Union SD 5,1074,Union Elementary School,Union
2213,Union SD 5,1075,Union High School,Union
2221,Enterprise SD 21,1090,Enterprise Elementary School,Wallowa
2221,Enterprise SD 21,1091,Enterprise High School,Wallowa
2219,Joseph SD 6,1084,Imnaha Elementary School,Wallowa
2219,Joseph SD 6,1087,Joseph Charter School,Wallowa
2222,Troy SD 54,1092,Troy Elementary School,Wallowa
2220,Wallowa SD 12,1088,Wallowa Elementary School,Wallowa
2220,Wallowa SD 12,1089,Wallowa High School,Wallowa
2229,Dufur SD 29,3402,Dufur School,Wasco
4131,North Wasco County SD 21,1093,Chenowith Elementary School,Wasco
4131,North Wasco County SD 21,1097,Colonel Wright Elementary School,Wasco
4131,North Wasco County SD 21,1098,Dry Hollow Elementary School,Wasco
4131,North Wasco County SD 21,1095,Mosier Community School,Wasco
4131,North Wasco County SD 21,4849,Mosier Middle School,Wasco
4131,North Wasco County SD 21,1100,The Dalles Middle School,Wasco
4131,North Wasco County SD 21,1101,The Dalles-Wahtonka High School,Wasco
2225,South Wasco County SD 1,1108,Maupin Elementary School,Wasco
2225,South Wasco County SD 1,1109,South Wasco County High School,Wasco
2240,Banks SD 13,1120,Banks Elementary School,Washington
2240,Banks SD 13,1124,Banks High School,Washington
2240,Banks SD 13,1123,Banks Junior High School,Washington
2243,Beaverton SD 48J,1186,Aloha High School,Washington
2243,Beaverton SD 48J,1153,Aloha-Huber Park School,Washington
2243,Beaverton SD 48J,4805,Arco Iris Spanish Immersion School,Washington
2243,Beaverton SD 48J,1304,Arts and Communication Magnet Academy,Washington
2243,Beaverton SD 48J,1154,Barnes Elementary School,Washington
2243,Beaverton SD 48J,1155,Beaver Acres Elementary School,Washington
2243,Beaverton SD 48J,1187,Beaverton High School,Washington
2243,Beaverton SD 48J,1156,Bethany Elementary School,Washington
2243,Beaverton SD 48J,4671,Bonny Slope Elementary School,Washington
2243,Beaverton SD 48J,1158,Cedar Mill Elementary School,Washington
2243,Beaverton SD 48J,1180,Cedar Park Middle School,Washington
2243,Beaverton SD 48J,1159,Chehalem Elementary School,Washington
2243,Beaverton SD 48J,1305,Community School,Washington
2243,Beaverton SD 48J,1319,Conestoga Middle School,Washington
2243,Beaverton SD 48J,1160,Cooper Mountain Elementary School,Washington
2243,Beaverton SD 48J,1162,Elmonica Elementary School,Washington
2243,Beaverton SD 48J,1161,Errol Hassell Elementary School,Washington
2243,Beaverton SD 48J,1370,Findley Elementary,Washington
2243,Beaverton SD 48J,1163,Fir Grove Elementary School,Washington
2243,Beaverton SD 48J,1181,Five Oaks Middle School,Washington
2243,Beaverton SD 48J,1157,Greenway Elementary School,Washington
2243,Beaverton SD 48J,1164,Hazeldale Elementary School,Washington
2243,Beaverton SD 48J,4638,Health & Science School,Washington
2243,Beaverton SD 48J,1184,Highland Park Middle School,Washington
2243,Beaverton SD 48J,1165,Hiteon Elementary School,Washington
2243,Beaverton SD 48J,4867,Hope Chinese Charter School,Washington
2243,Beaverton SD 48J,4474,International School of Beaverton,Washington
2243,Beaverton SD 48J,3437,Jacob Wismer Elementary School,Washington
2243,Beaverton SD 48J,1166,Kinnaman Elementary School,Washington
2243,Beaverton SD 48J,1168,McKay Elementary School,Washington
2243,Beaverton SD 48J,1169,McKinley Elementary School,Washington
2243,Beaverton SD 48J,1182,Meadow Park Middle School,Washington
2243,Beaverton SD 48J,1170,Montclair Elementary School,Washington
2243,Beaverton SD 48J,1183,Mountain View Middle School,Washington
2243,Beaverton SD 48J,1303,Nancy Ryles Elementary School,Washington
2243,Beaverton SD 48J,1171,Oak Hills Elementary School,Washington
2243,Beaverton SD 48J,1172,Raleigh Hills Elementary School,Washington
2243,Beaverton SD 48J,1173,Raleigh Park Elementary School,Washington
2243,Beaverton SD 48J,1174,Ridgewood Elementary School,Washington
2243,Beaverton SD 48J,1175,Rock Creek Elementary School,Washington
2243,Beaverton SD 48J,2781,Scholls Heights Elementary School,Washington
2243,Beaverton SD 48J,1314,School of Science & Technology,Washington
2243,Beaverton SD 48J,1270,Sexton Mountain Elementary School,Washington
2243,Beaverton SD 48J,2783,Southridge High School,Washington
2243,Beaverton SD 48J,4712,Springville K-8 School,Washington
2243,Beaverton SD 48J,2782,Stoller Middle School,Washington
2243,Beaverton SD 48J,1188,Sunset High School,Washington
2243,Beaverton SD 48J,1176,Terra Linda Elementary School,Washington
2243,Beaverton SD 48J,1177,Vose Elementary School,Washington
2243,Beaverton SD 48J,1178,West Tualatin View Elementary School,Washington
2243,Beaverton SD 48J,1320,Westview High School,Washington
2243,Beaverton SD 48J,1185,Whitford Middle School,Washington
2243,Beaverton SD 48J,1179,William Walker Elementary School,Washington
2241,Forest Grove SD 15,1128,Cornelius Elementary School,Washington
2241,Forest Grove SD 15,1129,Dilley Elementary School,Washington
2241,Forest Grove SD 15,1130,Echo Shaw Elementary School,Washington
2241,Forest Grove SD 15,3986,Fern Hill Elementary School,Washington
2241,Forest Grove SD 15,4595,Forest Grove Community School,Washington
2241,Forest Grove SD 15,1134,Forest Grove High School,Washington
2241,Forest Grove SD 15,1132,Harvey Clarke Elementary School,Washington
2241,Forest Grove SD 15,1133,Joseph Gale Elementary School,Washington
2241,Forest Grove SD 15,1126,Neil Armstrong Middle School,Washington
2241,Forest Grove SD 15,1127,Tom McCall Upper Elementary,Washington
2245,Gaston SD 511J,1194,Gaston Elementary School,Washington
2245,Gaston SD 511J,1195,Gaston Jr/Sr High School,Washington
2245,Gaston SD 511J,5061,Oregon Virtual Education - West,Washington
2239,Hillsboro SD 1J,1112,Brookwood Elementary School,Washington
2239,Hillsboro SD 1J,1147,Butternut Creek Elementary School,Washington
2239,Hillsboro SD 1J,1368,Century High School,Washington
2239,Hillsboro SD 1J,4206,City View Charter School,Washington
2239,Hillsboro SD 1J,1115,Eastwood Elementary School,Washington
2239,Hillsboro SD 1J,1197,Evergreen Jr High School,Washington
2239,Hillsboro SD 1J,1189,Farmington View Elementary School,Washington
2239,Hillsboro SD 1J,4641,Free Orchards Elementary School,Washington
2239,Hillsboro SD 1J,1200,Glencoe High School,Washington
2239,Hillsboro SD 1J,1152,Groner Elementary School,Washington
2239,Hillsboro SD 1J,1201,Hillsboro High School,Washington
2239,Hillsboro SD 1J,4973,Hillsboro Online Academy,Washington
2239,Hillsboro SD 1J,3536,Imlay Elementary School,Washington
2239,Hillsboro SD 1J,1148,Indian Hills Elementary School,Washington
2239,Hillsboro SD 1J,1199,J W Poynter Middle School,Washington
2239,Hillsboro SD 1J,1285,Jackson Elementary School,Washington
2239,Hillsboro SD 1J,1150,Ladd Acres Elementary School,Washington
2239,Hillsboro SD 1J,1110,Lenox Elementary School,Washington
2239,Hillsboro SD 1J,4018,Liberty High School,Washington
2239,Hillsboro SD 1J,4642,Lincoln Street Elementary School,Washington
2239,Hillsboro SD 1J,1116,Minter Bridge Elementary School,Washington
2239,Hillsboro SD 1J,1117,Mooberry Elementary School,Washington
2239,Hillsboro SD 1J,1190,North Plains Elementary School,Washington
2239,Hillsboro SD 1J,3160,Orenco Elementary School,Washington
2239,Hillsboro SD 1J,3159,Paul L Patterson Elementary School,Washington
2239,Hillsboro SD 1J,4643,Quatama Elementary School,Washington
2239,Hillsboro SD 1J,1196,R A Brown Middle School,Washington
2239,Hillsboro SD 1J,1149,Reedville Elementary School,Washington
2239,Hillsboro SD 1J,4703,Rosedale Elementary School,Washington
2239,Hillsboro SD 1J,1198,South Meadows Middle School,Washington
2239,Hillsboro SD 1J,1302,Tobias Elementary School,Washington
2239,Hillsboro SD 1J,1119,W L Henry Elementary School,Washington
2239,Hillsboro SD 1J,1114,W Verne McKinney Elementary School,Washington
2239,Hillsboro SD 1J,1111,West Union Elementary School,Washington
2239,Hillsboro SD 1J,1151,Witch Hazel Elementary School,Washington
2230,Northwest Regional ESD,2376,Albertina Kerr/PACE,Washington
2230,Northwest Regional ESD,1284,Lifeworks Northwest,Washington
2230,Northwest Regional ESD,1167,St Marys Home for Boys- PACE,Washington
2244,Sherwood SD 88J,1334,Archer Glen Elementary School,Washington
2244,Sherwood SD 88J,4730,Edy Ridge Elementary School,Washington
2244,Sherwood SD 88J,1191,J Clyde Hopkins Elementary School,Washington
2244,Sherwood SD 88J,4731,Laurel Ridge Middle School,Washington
2244,Sherwood SD 88J,3222,Middleton Elementary School,Washington
2244,Sherwood SD 88J,4220,Sherwood Charter School,Washington
2244,Sherwood SD 88J,1193,Sherwood High School,Washington
2244,Sherwood SD 88J,1192,Sherwood Middle School,Washington
2242,Tigard-Tualatin SD 23J,4364,Alberta Rider Elementary School,Washington
2242,Tigard-Tualatin SD 23J,1135,Bridgeport Elementary School,Washington
2242,Tigard-Tualatin SD 23J,1136,Charles F Tigard Elementary School,Washington
2242,Tigard-Tualatin SD 23J,1369,Deer Creek Elementary School,Washington
2242,Tigard-Tualatin SD 23J,2714,Durham Center,Washington
2242,Tigard-Tualatin SD 23J,1138,Durham Elementary School,Washington
2242,Tigard-Tualatin SD 23J,1142,Edward Byrom Elementary School,Washington
2242,Tigard-Tualatin SD 23J,1300,Hazelbrook Middle School,Washington
2242,Tigard-Tualatin SD 23J,1139,James Templeton Elementary School,Washington
2242,Tigard-Tualatin SD 23J,2273,Janus Youth Programs--Cordero House,Washington
2242,Tigard-Tualatin SD 23J,1137,Mary Woodward Elementary School,Washington
2242,Tigard-Tualatin SD 23J,1140,Metzger Elementary School,Washington
2242,Tigard-Tualatin SD 23J,3579,Multi-sensory Instruction Teaching Children Hands-On (MITCH),Washington
2242,Tigard-Tualatin SD 23J,1144,Thomas R Fowler Middle School,Washington
2242,Tigard-Tualatin SD 23J,1146,Tigard High School,Washington
2242,Tigard-Tualatin SD 23J,1143,Tualatin Elementary School,Washington
2242,Tigard-Tualatin SD 23J,1301,Tualatin High School,Washington
2242,Tigard-Tualatin SD 23J,1145,Twality Middle School,Washington
2248,Fossil SD 21J,1205,Fossil Charter School,Wheeler
2249,Mitchell SD 55,3404,Mitchell School,Wheeler
2247,Spray SD 1,3403,Spray School,Wheeler
2252,Amity SD 4J,1208,Amity Elementary School,Yamhill
2252,Amity SD 4J,1210,Amity High School,Yamhill
2252,Amity SD 4J,1209,Amity Middle School,Yamhill
2252,Amity SD 4J,4505,Eola Hills Charter School,Yamhill
2253,Dayton SD 8,1211,Dayton Grade School,Yamhill
2253,Dayton SD 8,1212,Dayton High School,Yamhill
2253,Dayton SD 8,1291,Dayton Jr High School,Yamhill
2256,McMinnville SD 40,1228,Columbus Elementary School,Yamhill
2256,McMinnville SD 40,1315,Duniway Middle School,Yamhill
2256,McMinnville SD 40,2784,Grandhaven Elementary School,Yamhill
2256,McMinnville SD 40,1234,McMinnville High School,Yamhill
2256,McMinnville SD 40,1230,Memorial Elementary School,Yamhill
2256,McMinnville SD 40,1231,Newby Elementary School,Yamhill
2256,McMinnville SD 40,1233,Patton Middle School,Yamhill
2256,McMinnville SD 40,4639,Sue Buel Elementary,Yamhill
2256,McMinnville SD 40,1232,Wascher Elementary School,Yamhill
2254,Newberg SD 29J,1335,Antonia Crater Elementary School,Yamhill
2254,Newberg SD 29J,1336,Chehalem Valley Middle School,Yamhill
2254,Newberg SD 29J,1216,Dundee Elementary School,Yamhill
2254,Newberg SD 29J,1217,Edwards Elementary School,Yamhill
2254,Newberg SD 29J,1218,Ewing Young Elementary School,Yamhill
2254,Newberg SD 29J,4342,Joan Austin Elementary School,Yamhill
2254,Newberg SD 29J,1219,Mabel Rush Elementary School,Yamhill
2254,Newberg SD 29J,1221,Mountain View Middle School,Yamhill
2254,Newberg SD 29J,1222,Newberg Senior High School,Yamhill
2257,Sheridan SD 48J,1235,Faulconer-Chapman School,Yamhill
2257,Sheridan SD 48J,4833,Sheridan AllPrep Academy,Yamhill
2257,Sheridan SD 48J,1237,Sheridan High School,Yamhill
2257,Sheridan SD 48J,2728,Sheridan Japanese School,Yamhill
2257,Sheridan SD 48J,2732,Sheridan Spartan Academy,Yamhill
2255,Willamina SD 30J,1224,Willamina Elementary School,Yamhill
2255,Willamina SD 30J,1226,Willamina High School,Yamhill
2255,Willamina SD 30J,1225,Willamina Middle School,Yamhill
2251,Yamhill Carlton SD 1,1213,Yamhill Carlton Elementary School,Yamhill
2251,Yamhill Carlton SD 1,1238,Yamhill Carlton High School,Yamhill
2251,Yamhill Carlton SD 1,4564,Yamhill Carlton Intermediate School,Yamhill
,z No district found,1876,Boys & Girls Club of Grants Pass,z No county found
,z No district found,4717,Bridgeway House,z No county found
,z No district found,1838,Cascade Academics,z No county found
,z No district found,2418,Childs Way Alternative School,z No county found
,z No district found,2915,COIC Skill Lab,z No county found
,z No district found,2916,COIC Skill Lab,z No county found
,z No district found,4262,COIC Skill Lab,z No county found
,z No district found,1845,Creative Minds Alternative School,z No county found
,z No district found,1628,De Paul Treatment Centers Inc,z No county found
,z No district found,1398,HERA Community School,z No county found
,z No district found,4633,Insight School of Oregon - Online Alternative  High School,z No county found
,z No district found,4290,J Bar J Learning Centers - Boys Ranch Campus,z No county found
,z No district found,1448,J Bar J Learning Centers - Sisters Academy Campus,z No county found
,z No district found,1508,"Klamath-Lake County Youth Ranch, Inc",z No county found
,z No district found,3545,Looking Glass Center Point School,z No county found
,z No district found,1532,Looking Glass Riverfront School & Career Center,z No county found
,z No district found,1786,Looking Glass Youth & Family Services Inc New Roads,z No county found
,z No district found,3760,Looking Glass Youth & Family Services Inc Pathways,z No county found
,z No district found,4811,Looking Glass Youth and Family Services Inc Pathways River R,z No county found
,z No district found,1262,Mid-Columbia Alternative School Based Treatment Center (MAST,z No county found
,z No district found,1648,Morrison Center Counterpoint Program,z No county found
,z No district found,1803,Mt Scott Park Center for Learning,z No county found
,z No district found,4413,Mt Scott Park Center for Learning Middle School,z No county found
,z No district found,4587,NAYA Early College Academy,z No county found
,z No district found,3012,New Avenues for Youth,z No county found
,z No district found,1861,Northwest Youth Corps,z No county found
,z No district found,1821,Open Meadow High School,z No county found
,z No district found,3021,Open Meadow Middle School,z No county found
,z No district found,4512,Oregon Outreach Inc. Rosi Hinton High School,z No county found
,z No district found,3662,Oregon Youth Challenge,z No county found
,z No district found,4508,Outside In-Urban Ed,z No county found
,z No district found,4522,Park Academy,z No county found
,z No district found,3496,Pathfinder Academy,z No county found
,z No district found,4511,Phoenix School of Roseburg - Deer Creek,z No county found
,z No district found,2506,Portland Community College,z No county found
,z No district found,1885,Portland Youth Builders,z No county found
,z No district found,2507,Rogue Community College,z No county found
,z No district found,1669,Rosemary Anderson High School,z No county found
,z No district found,5152,Rosemary Anderson High School - East (Gresham),z No county found
,z No district found,4477,SE Works Youth Center,z No county found
,z No district found,1671,Serendipity,z No county found
,z No district found,1871,SERP Enterprises Inc,z No county found
,z No district found,240,The Child Center,z No county found
,z No district found,1877,"The Inn Between Educational Program, DBA Inn Sight",z No county found
,z No district found,4826,Victory Academy,z No county found
,z No district found,1545,Wellsprings Friends School,z No county found
,z No district found,1874,YES House Alternative School,z No county found
,z No district found,1875,Youth Employment Institute,z No county found
,z No district found,1835,Youth Progress Learning Center,z No county found